time,RF_GRF_x,RF_GRF_y,RF_GRF_z,RF_ThC1_theta,RF_ThC1_vel,RF_ThC3_theta,RF_ThC3_vel,RF_CTr_theta,RF_CTr_vel,RF_TrF_theta,RF_TrF_vel,RF_FTi_theta,RF_FTi_vel
0.0,0.0,0.0,0.0,-0.41499199187087044,0.0,0.6241980561736404,0.0,0.3163939442050667,0.0,0.38442026118860967,0.0,0.6864419350418887,0.0
0.002,0.0,0.0,0.0,-0.41394277020392634,0.5246108334720501,0.6267282220261883,1.2650829262739194,0.3608687787869996,22.237417290966427,0.35819948064519064,-13.110390271709516,0.6401255785624729,-23.158178239707894
0.004,0.0,0.0,0.0,-0.4098630833962525,2.0398434038369215,0.6276284925168218,0.45013524531678506,0.41209168033222743,25.611450772613924,0.33170253810586803,-13.248471269661305,0.5856471535997408,-27.239212481366014
0.006,0.0,0.0,0.0,-0.4034873798675214,3.1878517643655346,0.6272080765177943,-0.21020799951376734,0.46797743341412645,27.942876540949513,0.30595760251536314,-12.872467795252446,0.5242859908553754,-30.68058137218271
0.008,0.0,0.0,0.0,-0.3955304467252632,3.9784665711291023,0.6257272966162837,-0.7403899507553158,0.5267402467852604,29.38140668556699,0.28175617625235777,-12.100713131502683,0.45743101486112187,-33.427487997126775
0.01,0.0,0.0,0.0,-0.38665086510361507,4.439790810824073,0.6233926784564364,-1.1673090799236285,0.5868345366782519,30.04714494649574,0.25967567032857447,-11.04025296189165,0.3866129982235378,-35.40900831879204
0.012,0.0,0.0,0.0,-0.37742185510889575,4.614504997359658,0.6203593840308513,-1.5166472127925434,0.6468774260484754,30.021444685111753,0.24010764057337955,-9.78401487759746,0.31352022413467173,-36.546387044433025
0.014,0.0,0.0,0.0,-0.36830949570644944,4.556179701223156,0.616741436882191,-1.808973574330186,0.7055701037279729,29.346338839748743,0.2232861673849316,-8.410736594223977,0.24000507178017932,-36.7575761772462
0.016,0.0,0.0,0.0,-0.35965811305311807,4.325691326665687,0.6126301634040747,-2.05563673905812,0.761630766339834,28.03033130593052,0.20931218493915937,-6.98699122288611,0.1680827433831857,-35.9611641984968
0.018000000000000002,0.0,0.0,0.0,-0.35168322199596125,3.987445528578409,0.6081200347950888,-2.2550643044929597,0.8137503064274463,26.05977004380616,0.1981720346554605,-5.5700751418494425,0.09991543997964338,-34.08365170177117
0.02,0.0,0.0,0.0,-0.34447350703773894,3.6048574791111565,0.6033381149065566,-2.39095994426608,0.8605833935862341,23.416543579393934,0.1897516750287926,-4.2101798133339505,0.03776625836596241,-31.074590806840483
0.022,0.0,0.0,0.0,-0.3380044241795934,3.234541429072757,0.5984684188807505,-2.434848012903057,0.9007905676835398,20.103587048652837,0.18385097012743173,-2.950352450680427,-0.016101418720848235,-26.933838543405322
0.024,0.0,0.0,0.0,-0.3321660921320418,2.9191660237758152,0.5937571531767245,-2.355632852013012,0.9331470904843229,16.178261400391523,0.1802039023348306,-1.8235338963005636,-0.05960595365601504,-21.7522674675834
0.026000000000000002,0.0,0.0,0.0,-0.3268055553681908,2.6802683819255044,0.5894839598481197,-2.1365966643023815,0.9567239867537702,11.788448134723684,0.17850834929520315,-0.8477765198137283,-0.09112423729558777,-15.759141819786368
0.028,0.0,0.0,0.0,-0.32177670344787346,2.5144259601586616,0.5858954745957478,-1.7942426261859934,0.9711189262201247,7.197469733177253,0.17846171008475462,-0.023319605224267348,-0.1098361885432346,-9.355975623823412
0.03,0.0,0.0,0.0,-0.31698168469074445,2.397509378564505,0.5831224882523056,-1.3864931717210704,0.9766748613647107,2.777967572292983,0.1797883938126811,0.663341863963246,-0.11604991330354016,-3.106862380152779
0.032,0.0,0.0,0.0,-0.3123833603668205,2.299162161961965,0.5811242217571595,-0.9991332475730585,0.9746021198245314,-1.0363707700896674,0.18224017217161537,1.2258891794671294,-0.11138363836841757,2.3331374675612944
0.034,0.0,0.0,0.0,-0.3079785546761204,2.20240284535006,0.5796944716611196,-0.7148750480199251,0.9669516944085039,-3.8252127080137255,0.1855592028099472,1.6595153191659162,-0.09872298590700632,6.330326230705626
0.036000000000000004,0.0,0.0,0.0,-0.30374360927572247,2.1174727001989635,0.5785219092756257,-0.5862811927469513,0.9564685385992109,-5.241577904646522,0.1894131577575061,1.9269774737794565,-0.08199085089976857,8.366067503618874
0.038,0.0,0.0,0.0,-0.2996072279985183,2.0681906386020854,0.5773191422583178,-0.6013835086539632,0.9458194093813009,-5.324564608954973,0.19342765782523413,2.0072500338640107,-0.06501212371209503,8.48936359383677
0.04,0.0,0.0,0.0,-0.29554197700808404,2.032625495217127,0.5760349712292393,-0.642085514539259,0.9355521949301097,-5.133607225595638,0.1975111128950546,2.041727534910234,-0.04857533844425971,8.21839263391766
0.042,0.0,0.0,0.0,-0.29327434812844927,1.1338144398173877,0.5752654423329174,-0.3847644481609347,0.9299399716955065,-2.8061116173015987,0.19986069941097553,1.1747932579604659,-0.03955492362115551,4.5102074115521
0.044,0.0,0.0,0.0,-0.2910142745558753,1.130036786286981,0.5744869479571179,-0.3892471878997883,0.9243739337619317,-2.7830189667873984,0.2022179204756678,1.178610532346136,-0.03060078193826303,4.477070841446238
0.046,0.0,0.0,0.0,-0.2887787557312487,1.1177594123132906,0.5736793157730157,-0.40381609205109026,0.9189579980566983,-2.7079678526166773,0.204599953823867,1.1910166740995987,-0.021862027961058184,4.369376988602423
0.048,0.0,0.0,0.0,-0.28655667272502927,1.1110415031097276,0.572855280023242,-0.4120178748868164,0.9136303289872454,-2.6638345347264614,0.2069958671885709,1.1979566823519527,-0.01325063258395293,4.305697688552627
0.05,0.0,0.0,0.0,-0.28434970501451773,1.1034838552557713,0.5720127902620882,-0.421244880576932,0.9084019598830452,-2.6141845521001073,0.20940739557184268,1.2057641916358857,-0.004782515631959586,4.2340584759966715
0.052000000000000005,0.0,0.0,0.0,-0.2821605944569719,1.0945552787729185,0.5711476950252455,-0.4325476184213195,0.9033003679472327,-2.5507959679062497,0.21183780240942116,1.2152034187892373,0.003501676184898205,4.142095908428896
0.054,0.0,0.0,0.0,-0.2799789243798284,1.0908350385717414,0.5702731808401993,-0.4372570925231245,0.8982515998315819,-2.5243840578254018,0.21427607526962733,1.2191364301030876,0.011709232528782554,4.103778171942174
0.056,0.0,0.0,0.0,-0.27781825818623607,1.080333096796171,0.5693708593129165,-0.45116076364137836,0.8933650006367121,-2.4432995974348892,0.2167370970267181,1.2305108785453793,0.019680252591007266,3.985510031112356
0.058,0.0,0.0,0.0,-0.275662360018554,1.07794908384104,0.568461969601333,-0.4544448557917691,0.8885177610899564,-2.4236197733778497,0.21920337932481462,1.2331411490482669,0.027593638730897693,3.9566930699452136
0.06,0.0,0.0,0.0,-0.27352258650575095,1.0698867564015169,0.5675305388378312,-0.46571538175088634,0.8838069006325042,-2.3554302287260853,0.22168757571934686,1.2420981972661171,0.03530705631537904,3.856708792240673
0.062,0.0,0.0,0.0,-0.27138983909734027,1.0663737042053423,0.5665886240440646,-0.4709573968832981,0.8791616892291635,-2.322605701670366,0.22417979038999342,1.2461073353232792,0.042923719142036236,3.8083314133285984
0.064,0.0,0.0,0.0,-0.2692671289809185,1.0613550582108944,0.5656317320642054,-0.4784459899296323,0.8746102621888389,-2.2757135201623147,0.2266834597408034,1.2518346754049892,0.050402160886087774,3.739220872025769
0.066,0.0,0.0,0.0,-0.2671539604804877,1.0565842502154033,0.564659452794669,-0.486139634768179,0.8701583139939637,-2.2259740974375775,0.2291983333456222,1.2574368024094034,0.05773325481278893,3.6655469633505784
0.068,0.0,0.0,0.0,-0.2650459964978702,1.053981991308739,0.5636787804580358,-0.4903361683166185,0.8657606269875154,-2.198843503224135,0.2317193183617186,1.2604925080482026,0.06498397720275369,3.625361194982378
0.07,0.0,0.0,0.0,-0.26294915902400195,1.0484187369341202,0.5626784323722609,-0.5001740428874357,0.8614939473532689,-2.13333981712327,0.23425377483200105,1.2672282351412212,0.07203971037506578,3.527866586156045
0.07200000000000001,0.0,0.0,0.0,-0.260855056771316,1.047051126342985,0.5616729911453149,-0.5027206134730067,0.8572616290630644,-2.11615914510227,0.2367915942462833,1.268909707141122,0.07904418295014609,3.502236287540157
0.074,0.0,0.0,0.0,-0.2587703421687483,1.0423573012838527,0.560649027108727,-0.5119820182939439,0.8531560134809733,-2.052807791045552,0.23934116428637786,1.2747850200472837,0.08585919026364051,3.4075036567472115
0.076,0.0,0.0,0.0,-0.25668874057296687,1.0408007978907063,0.5596180611433001,-0.5154829827134222,0.8490994804789805,-2.0282665009963563,0.2418947772104518,1.2768064620369695,0.09260047141953091,3.3706405779451996
0.078,0.0,0.0,0.0,-0.25461284615629376,1.0379472083365537,0.5585742583083354,-0.5219014174823733,0.8451329322071687,-1.9832741359059325,0.24445580208848774,1.2805124390179723,0.09920658795314675,3.3030582668079207
0.08,0.0,0.0,0.0,-0.2525411519901531,1.0358470830703348,0.5575193851908187,-0.5274365587583651,0.8412457105444625,-1.943610831353082,0.24702251597987673,1.2833569456944942,0.10569303577243047,3.2432239096418582
0.082,0.0,0.0,0.0,-0.2504723979993851,1.034376995384001,0.5564567628755155,-0.5313111576515928,0.8374140175081303,-1.91584651816612,0.2495932121806129,1.2853481003680804,0.11209571549168183,3.2013398596256804
0.084,0.0,0.0,0.0,-0.2484082469715419,1.0320755139215931,0.5553793841024227,-0.5386893865463871,0.8336901503280186,-1.8619335900558198,0.2521704630465144,1.28862543295076,0.11833506555285461,3.11967503058639
0.08600000000000001,0.0,0.0,0.0,-0.24634532684095684,1.0314600652925332,0.5542978360454786,-0.5407740284720797,0.8299968751719249,-1.8466375780468725,0.25474948977469375,1.2895133640896672,0.12452803201211426,3.096483229629826
0.088,0.0,0.0,0.0,-0.24410181225684277,1.1217572920570322,0.5526611831499799,-0.818326447749318,0.8262442575701777,-1.8763088008735829,0.257334457161608,1.292483693457136,0.1305388482398899,3.005408113887817
0.09,0.0,0.0,0.0,-0.2417465970104469,1.1776076231979349,0.5501197473095272,-1.2707179202263719,0.8227856128822709,-1.729322343953399,0.2599208138637529,1.293178351072427,0.1364940687715344,2.9776102658222445
0.092,0.0,0.0,0.0,-0.23928986874000688,1.2283641352200114,0.5467908072005384,-1.6644700544943825,0.8195881733766144,-1.5987197528282704,0.2625105049224508,1.2948455293489702,0.1423158596324636,2.910895430464605
0.094,0.0,0.0,0.0,-0.2367418150837603,1.2740268281232896,0.5427916414994322,-1.9995828505531277,0.8166191713216181,-1.4845010274981418,0.2651018844544901,1.2956897660196531,0.14803982814053104,2.8619842540337226
0.096,0.0,0.0,0.0,-0.2341126236799447,1.3145957019077974,0.5382395288826269,-2.2760563084026075,0.8138458389856924,-1.3866661679628467,0.26769476485172194,1.2964401986159113,0.15367684344605478,2.81850765276187
0.098,0.0,0.0,0.0,-0.23141248216679777,1.3500707565734653,0.533251748026541,-2.4938904280429885,0.8112354086372471,-1.3052151742226625,0.27028894870772247,1.2970919280002602,0.1591756287025496,2.749392628247402
0.1,0.0,0.0,0.0,-0.22865157818255702,1.3804519921203766,0.5279455776075925,-2.6530852094742152,0.8087551125446922,-1.2401480462774228,0.27288353362795953,1.297292460118532,0.1646318816362663,2.7281264668583547
0.10200000000000001,0.0,0.0,0.0,-0.2229882333537446,2.831672414406211,0.5168471827867824,-5.549197410405049,0.8040538522008941,-2.3506301718990708,0.2435234953746171,-14.680019126671217,0.171288238646875,3.328178505304355
0.10400000000000001,0.0,0.0,0.0,-0.22010616778564812,1.4410327840482378,0.5112895157377573,-2.7788335245125806,0.8017673524864709,-1.1432498572115923,0.24663007748614535,1.5532910557641277,0.17734782239172892,3.029791872426954
0.106,0.0,0.0,0.0,-0.21720409029940824,1.4510387431199423,0.5058825738315434,-2.7034709531069123,0.7994799161015782,-1.1437181924463524,0.2497353983065125,1.5526604101835788,0.18326628898466768,2.959233296469382
0.108,0.0,0.0,0.0,-0.2142921885332626,1.4559508830728207,0.5007436357445592,-2.569469043492145,0.7971587753146264,-1.1605703934758904,0.2528387087561934,1.5516552248404507,0.18904547468975344,2.88959285254288
0.11,0.0,0.0,0.0,-0.21138065012544874,1.4557692039069285,0.4959899801532226,-2.3768277956682793,0.7947711623940252,-1.193806460300595,0.2559392652952854,1.550278269545985,0.1946871914108395,2.8208583605430353
0.112,0.0,0.0,0.0,-0.2084796627142043,1.4504937056222245,0.4917388857339526,-2.125547209635009,0.7922843096081846,-1.2434263929202993,0.2590363416212966,1.5485381630055972,0.20019317537924214,2.752991984201314
0.114,0.0,0.0,0.0,-0.20559941393776687,1.440124388218708,0.4881076311631672,-1.8156272853926958,0.789665449225515,-1.3094301913348372,0.26212922410272915,1.5464412407162897,0.20556510869561612,2.685966658186989
0.116,0.0,0.0,0.0,-0.20275009143437406,1.4246612516964074,0.48521349511728473,-1.447068022941228,0.786881813514426,-1.391817855544486,0.2652172106638592,1.543993280565037,0.21080462507521083,2.6197581897973583
0.11800000000000001,0.0,0.0,0.0,-0.1999418828422634,1.4041042960553223,0.48317375627272396,-1.019869422280384,0.7839006347433279,-1.4905893855490238,0.2682996118541041,1.541200595122444,0.21591330626969352,2.554340597241342
0.12,0.0,0.0,0.0,-0.20257145772392834,-1.3147874408324656,0.4846597898827202,0.743016804998109,0.7868197924617217,1.4595788591968972,0.27137575004072395,1.5380690933099184,0.22089268681540636,2.4896902728564205
0.122,0.0,0.0,0.0,-0.1999418828422634,1.3147874408324656,0.48317375627272396,-0.743016804998109,0.7839006347433279,-1.4595788591968972,0.27444495847475464,1.534604217015345,0.2257442587907203,2.42578598765697
0.124,0.0,0.0,0.0,-0.19730938786830912,1.3162474869771457,0.48167946056061534,-0.7471478560543143,0.7810641425943095,-1.418246074509244,0.2775065815787449,1.530811551995137,0.23046947172601634,2.3626064676480207
0.126,0.0,0.0,0.0,-0.19467374224538647,1.3178228114613249,0.4801769281228367,-0.7512662188893238,0.7783093695049449,-1.3773865446822797,0.2805599749064418,1.5266966638484425,0.23506973415656585,2.300131215274753
0.128,0.0,0.0,0.0,-0.19203473443301616,1.3195039061851543,0.4786661781669481,-0.7553749779442842,0.7756353989344582,-1.3369852852433417,0.28360450417537586,1.5222646344670299,0.2395464183069684,2.23834207520128
0.13,0.0,0.0,0.0,-0.1893921718898046,1.321281271605787,0.4771472240557257,-0.7594770556112185,0.773041343643227,-1.2970276456156227,0.28663954533638997,1.5175205805070535,0.243900860825457,2.1772212592442997
0.132,0.0,0.0,0.0,-0.18674588151383603,1.3231451879842786,0.475620073593931,-0.7635752308973454,0.7705263455071036,-1.2574990680616627,0.2896644849349781,1.5124697992940639,0.2481343628855673,2.116751030055153
0.134,0.0,0.0,0.0,-0.18409570778577616,1.325086864029934,0.47408472991071055,-0.7676718416102235,0.7680895720005319,-1.2183867532858939,0.2926787192252074,1.5071171451146448,0.25224819433941176,2.0569157269222234
0.136,0.0,0.0,0.0,-0.18144151236551645,1.327097710129857,0.4725411918340695,-0.7717690383205189,0.7657302150432487,-1.1796784786415881,0.29568165405357333,1.501467414182972,0.2562435950134629,1.9977003370255653
0.138,0.0,0.0,0.0,-0.17878317481182973,1.329168776843359,0.4709894540646297,-0.7758688847198936,0.7634474912654151,-1.141361888916781,0.29867270541721946,1.4955256818230678,0.2601217742092485,1.9390895978927958
0.14,0.0,0.0,0.0,-0.17612059111761846,1.3312918471056339,0.469429507844759,-0.7799731099353557,0.7612406392631059,-1.1034260011545949,0.3016512988021102,1.4892966924453799,0.2638839139005205,1.8810698456360186
0.14200000000000002,0.0,0.0,0.0,-0.17345367296152797,1.333459078045246,0.4678613413534478,-0.784083245655598,0.759108918075164,-1.0658605939709576,0.3046168688837252,1.4827850408074827,0.26753117047179725,1.8236282856383679
0.14400000000000002,0.0,0.0,0.0,-0.17078234839754922,1.3356622819893775,0.4662849398637548,-0.7882007448465067,0.7570516074339582,-1.0286553206029225,0.30756886010523293,1.4759956107538719,0.27106467419484304,1.7667518615228917
0.146,0.0,0.0,0.0,-0.16810656098477164,1.3378937063887875,0.46470028621049797,-0.7923268266284145,0.7550680059631141,-0.9918007354220437,0.31050672636644305,1.4689331306050601,0.27448553124688785,1.7104285260224061
0.148,0.0,0.0,0.0,-0.16542626871317098,1.3401461358003297,0.4631073611780083,-0.7964625162448224,0.7531574293745049,-0.9552882943045793,0.3134299305255297,1.4616020795433227,0.27779482581164683,1.65464728237949
0.15,0.0,0.0,0.0,-0.16274144448551334,1.3424121138288225,0.4615061436719312,-0.8006087530385564,0.7513192104942629,-0.9191094401210242,0.3163379448787622,1.4540071766162566,0.2809936198121179,1.5993970002355362
0.152,0.0,0.0,0.0,-0.16005207606935132,1.3446842080810095,0.459896611036732,-0.8047663175995978,0.7495526984978184,-0.8832559982222543,0.31923025138543365,1.446153253335719,0.28408295356923274,1.5446668785574214
0.154,0.0,0.0,0.0,-0.15735816425494886,1.3469559072012276,0.45827873942183656,-0.8089358074477304,0.7478572564892187,-0.8477210042998062,0.3221063406176383,1.4380446161023352,0.28706384879928803,1.4904476150276458
0.156,0.0,0.0,0.0,-0.15465972331910194,1.349220467923462,0.4566525039567023,-0.8131177325671202,0.7462322614994218,-0.8124974948984787,0.3249657122643185,1.4296858233400767,0.28993730834304815,1.4367297718800576
0.158,0.0,0.0,0.0,-0.15195678432319001,1.351469497955962,0.4550178789044025,-0.8173125261499159,0.7446771069700933,-0.7775772646642642,0.32780787774904485,1.4210827423631889,0.29270431225073656,1.3835019538442073
0.16,0.0,0.0,0.0,-0.14924938369106652,1.3537003160617456,0.4533748382601253,-0.8215203221385858,0.7431911915655349,-0.7429577022791678,0.33063235225305243,1.4122372520037896,0.2953658333067723,1.3307605280178658
0.162,0.0,0.0,0.0,-0.14546253379128063,1.8934249498929467,0.45105272507195965,-1.1610565940828321,0.740845271667267,-1.172959949133967,0.3347637627361668,2.065705241557192,0.299416041020206,2.025103856716864
0.164,0.0,0.0,0.0,-0.1424967108673181,1.4829114619812622,0.44914088837953475,-0.9559183462124476,0.7368803851387651,-1.9824432642509549,0.33924823162238343,2.2422344431083094,0.30536389932170965,2.9739291507518137
0.166,0.0,0.0,0.0,-0.14104388826362513,0.7264113018464885,0.44800216359210654,-0.5693623937141068,0.7298549193454675,-3.5127328966487736,0.34442429365126126,2.5880310144389127,0.3149232218380126,4.779661258151463
0.168,0.0,0.0,0.0,-0.14164924227102754,-0.3026770037012072,0.4479324810190509,-0.03484128652780916,0.718681114178889,-5.5869025832892545,0.3505632807873346,3.0694935680366795,0.32933913930252967,7.207958732258546
0.17,0.0,0.0,0.0,-0.14471666900578897,-1.533713367380715,0.44916709451239173,0.6173067466704041,0.7026278267861583,-8.026643696365355,0.3578584582075927,3.647588710129046,0.34935370317603665,10.007281936753486
0.17200000000000001,0.0,0.0,0.0,-0.15051489009728947,-2.899110545750247,0.45188698681477546,1.3599461511918653,0.6813143822264527,-10.656722279852815,0.366414703417131,4.2781226047691465,0.37519085477202613,12.918575797994741
0.17400000000000002,0.0,0.0,0.0,-0.15918448558570733,-4.334797744208932,0.45622423173930665,2.1686224622655956,0.6546912072272568,-13.311587499597932,0.376239284675693,4.912290629281002,0.4065754340011669,15.692289614570392
0.176,0.0,0.0,0.0,-0.17074587076074818,-5.780692587520425,0.46226495896581127,3.020363613252308,0.6230090599428679,-15.841073642194447,0.3872337684788606,5.497241901583793,0.44278845243622067,18.106509217526877
0.178,0.0,0.0,0.0,-0.18510777287284558,-7.180951056048698,0.47004863767489075,3.891839354539739,0.5867839127234596,-18.112573609704143,0.3991868221370202,5.976526829079814,0.48275009864071516,19.980823102247246
0.18,0.0,0.0,0.0,-0.202075346102008,-8.483786614581213,0.47956288070896913,4.7571215170391925,0.5467668133980433,-20.008549662708152,0.4117678176687686,6.290497765874176,0.5251162663191354,21.183083839210138
0.182,0.0,0.0,0.0,-0.22135685130631003,-9.640752602151013,0.49073388848651694,5.585503888773907,0.5039265198806121,-21.420146758715617,0.4245218947082464,6.37703851973892,0.5683747039669738,21.62921882391916
0.184,0.0,0.0,0.0,-0.24256790383077936,-10.605526262234669,0.5034138688678417,6.339990190662364,0.459448055637403,-22.239232121604555,0.4368686216337979,6.173363462775749,0.6109312220667215,21.27825904987385
0.186,0.0,0.0,0.0,-0.2652326947598125,-11.332395464516559,0.5173681053032713,6.977118217714795,0.414743951285796,-22.352052175803493,0.44810843743320916,5.619907899705622,0.6511815783043459,20.125178118812205
0.188,0.0,0.0,0.0,-0.288782377683798,-11.774841461992757,0.5322655411393059,7.448717918017322,0.3714681707950648,-21.637890245365607,0.4574429866520664,4.667274609428618,0.6875681663305154,18.19329401308478
0.19,0.0,0.0,0.0,-0.3125520577154325,-11.884840015817243,0.5476773232321412,7.705891046417667,0.3315170084871624,-19.975581153951175,0.4640159182154755,3.2864657817045506,0.7186214284228454,15.526631046164974
0.192,0.0,0.0,0.0,-0.33577944715383656,-11.613694719202039,0.5630870180498572,7.704847408857962,0.2969988471180378,-17.259080684562306,0.466977830269232,1.4809560268782551,0.7429843100165722,12.181440796863397
0.194,0.0,0.0,0.0,-0.35760977335345284,-10.915163099808138,0.577913726658366,7.413354304254438,0.270158928207921,-13.419959455058416,0.46557144540075307,-0.7031924342394691,0.7594152112660483,8.215450624738052
0.196,0.0,0.0,0.0,-0.37711193308014873,-9.751079863347945,0.5915456155320375,6.8159444368357525,0.25325902833273606,-8.44994993759246,0.4592219876707376,-3.1747288650077476,0.7667621649375252,3.6734768357384873
0.198,0.0,0.0,0.0,-0.39330912196605805,-8.09859444295466,0.603378261293037,5.916322880499703,0.24843372495400373,-2.412651689366163,0.44760849740664355,-5.8067451320470145,0.7638994104626652,-1.4313772374300315
0.2,0.0,0.0,0.0,-0.4052231635107976,-5.957020772369787,0.6128516774547341,4.736708080848584,0.2575660103436793,4.566142694837794,0.4306922906984827,-8.458103354080427,0.7496172018514892,-7.141104305588009
0.202,0.0,0.0,0.0,-0.4122994800118676,-3.538158250534995,0.6196924954564522,3.420409000859048,0.28106979653045294,11.751893093386812,0.40908924200937297,-10.801524344554863,0.723366172894085,-13.125514478702083
