time,LM_GRF_x,LM_GRF_y,LM_GRF_z,LM_CTr_theta,LM_CTr_vel,LM_TrF_theta,LM_TrF_vel,LM_FTi_theta,LM_FTi_vel
0.0,0.0,0.0,0.0,-0.48323650594457657,0.0,-0.05983554325895596,0.0,0.3611528532526946,0.0
0.002,0.0,0.0,0.0,-0.4794154151130825,1.9105454157470336,-0.025717026664370063,17.05925829729295,0.3608627557381128,-0.14504875729090538
0.004,0.0,0.0,0.0,-0.4677078314360695,5.8537918385065115,0.008678577410409852,17.197802037389955,0.3542817606786888,-3.290497529712
0.006,0.0,0.0,0.0,-0.44922357002259966,9.242130706734908,0.04266996617379966,16.995694381694904,0.34202386310346833,-6.128948787610222
0.008,0.0,0.0,0.0,-0.4251687955869043,12.027387217847684,0.075623178203136,16.476606014668167,0.3248097185371303,-8.607072283169009
0.01,0.0,0.0,0.0,-0.39682884327829626,14.169976154304015,0.10696177667534623,15.669299236105118,0.3034863992692103,-10.661659633960014
0.012,0.0,0.0,0.0,-0.3655407472589133,15.644048009691492,0.13616766100764888,14.602942166151323,0.27902346827797486,-12.23146549561771
0.014,0.0,0.0,0.0,-0.3326579827764498,16.441382241231732,0.16277422429290334,13.30328164262723,0.25249002235140927,-13.266722963282795
0.016,0.0,0.0,0.0,-0.29950939616619,16.57429330512991,0.18635610989379486,11.790942800445764,0.2250169304815195,-13.736545934944887
0.018000000000000002,0.0,0.0,0.0,-0.267353493601864,16.077951282162996,0.2065217823672169,10.082836236711023,0.19774750693716475,-13.63471177217737
0.02,0.0,0.0,0.0,-0.2373285834082022,15.012455096830898,0.2229157536700505,8.1969856514168,0.1717789118311157,-12.98429755302452
0.022,0.0,0.0,0.0,-0.2103992835408004,13.464649933700903,0.23523603938604004,6.1601428579947655,0.1480963551223785,-11.841278354368601
0.024,0.0,0.0,0.0,-0.18730104914743334,11.549117196683527,0.24326894634501486,4.016453479487411,0.12750315246169155,-10.296601330343478
0.026000000000000002,0.0,0.0,0.0,-0.16848658151809678,9.407233814668277,0.2469378805656366,1.8344671103108638,0.11055176821691828,-8.475692122386635
0.028,-19.356371530441947,-5.921496111692551,25.2778676421345,-0.15408040535802348,7.203088080036654,0.24635694125322222,-0.29046965620718734,0.09748336190505208,-6.534203155933102
0.03,-18.68276917563748,-5.127513844266621,23.810283019904098,-0.14384900675278062,5.1156993026214295,0.24187636180953873,-2.2402897218417457,0.08818453982462092,-4.64941104021558
0.032,-17.981858356470383,-4.570958510229058,22.55281686669944,-0.1371921833615573,3.328411695611655,0.23410824765538377,-3.8840570770774794,0.08216841994981139,-3.008059937404765
0.034,-17.261301196706988,-4.195262005195204,21.456563201902192,-0.13315627404047084,2.0179546605432335,0.2239282722031031,-5.089987726140333,0.0785820239137297,-1.7931980180408424
0.036000000000000004,-16.53279818411206,-3.92471825885425,20.45751644296631,-0.1304630583817315,1.3466078293696697,0.2124591213641434,-5.734575419479845,0.07623423344518002,-1.1738952342748437
0.038,-15.805028826930638,-3.679249228359065,19.484278055289703,-0.12783797563524862,1.3125413732414382,0.20079708099379398,-5.831020185174715,0.07391465941443448,-1.1597870153727678
0.04,-15.079642069518124,-3.441343175374805,18.52098524489293,-0.12500860112142342,1.4146872569126,0.1891724098569938,-5.812335568400092,0.0713617489000886,-1.2764552571729384
0.042,-14.66894966355915,-3.307982923479868,17.97693258703902,-0.12329032854330653,0.8591362890584472,0.18260377520296428,-3.284317327014757,0.06978275411202257,-0.7894973940330147
0.044,-14.260383082709492,-3.1802849507338884,17.44066803344338,-0.12154517211868929,0.8725782123086209,0.1760389493884433,-3.2824129072604875,0.06817257788763449,-0.8050881121940412
0.046,-13.852043539858055,-3.0533732618954637,16.905416801753518,-0.1197126431929458,0.9162644628717409,0.1694865023023248,-3.276223543059259,0.06646106199519965,-0.8557579462174225
0.048,-13.445083283161075,-2.930028848492513,16.375112131653587,-0.11782663086565436,0.9430061636457251,0.16294049781926945,-3.27300224152767,0.06468707439304981,-0.8869938010749173
0.05,-13.039368247269774,-2.809749774901163,15.849118022170938,-0.11588044971162142,0.9730905770164652,0.15640174126466017,-3.2693782773046407,0.06284280611747058,-0.9221341377896181
0.052000000000000005,-12.634237913584695,-2.6909567831351002,15.325194696719795,-0.11385439982948695,1.0130249410672392,0.1498708741948143,-3.2654335349229373,0.06090462644351988,-0.9690898369753495
0.054,-12.231437501776682,-2.577477952621398,14.808915454398079,-0.11179507131064358,1.0296642594216852,0.14334329441028673,-3.26378989226378,0.058927317020247796,-0.9886547116360402
0.056,-11.82838179607618,-2.463422611091219,14.291804407167398,-0.10962963307109708,1.0827191197732497,0.13682384175542328,-3.259726327431725,0.05682446455257616,-1.0514262338358198
0.058,-11.428059398281523,-2.355288571101271,13.783347969382794,-0.10743772147863234,1.0959557962323674,0.13030596540822487,-3.258938173599207,0.05469015392146494,-1.0671553155556095
0.06,-11.028089676803258,-2.247749726413859,13.275839403217118,-0.10515321624108746,1.1422526187724393,0.1237930747506444,-3.256445328790235,0.05244565524891881,-1.1222493362730637
0.062,-10.630278968843694,-2.14458617523215,12.774865144075843,-0.10282249915382273,1.1653585436323666,0.11728159316167869,-3.2557407944828545,0.050145867012014796,-1.149894118452007
0.064,-10.233976525221324,-2.044228360516709,12.278204885738033,-0.1004257651383867,1.1983670077180124,0.1107721245278767,-3.2547343169009935,0.047767093683170864,-1.189386664421966
0.066,-9.838974504645718,-1.9461851360605094,11.785159640706226,-0.09795648050623959,1.2346423160735573,0.10426312626550455,-3.2544991311860767,0.04530108573165531,-1.2330039757577764
0.068,-9.446697791495986,-1.853112573111993,11.299810364607978,-0.09544762281043181,1.2544288479038879,0.09775438456936669,-3.254370848068927,0.04278749525868244,-1.256795236486436
0.07,-9.054823270193378,-1.7603231935464738,10.815146463739852,-0.09283983436614585,1.3038942221429843,0.09124383956980323,-3.2552724997817335,0.04015440724318413,-1.3165440077491548
0.07200000000000001,-8.666402860397085,-1.6735813817081393,10.339984242105224,-0.09020565227949456,1.317091043325641,0.08473247728803002,-3.255681140886604,0.0374893722752052,-1.332517483989465
0.074,-8.175874179644307,-1.4152959028280578,9.960950905642083,-0.0874724486235816,1.366601827956483,0.07821678869310941,-3.257844297460302,0.03470423270614708,-1.3925697845290594
0.076,-7.679730155280103,-1.1480735113241236,9.596570180846598,-0.08469956197136556,1.3864433261080167,0.07169832416278124,-3.2592322651640857,0.03187078071032912,-1.4167259979089784
0.078,-7.1839919983183576,-0.8815996368717752,9.236172907782437,-0.08185392315926077,1.4228194060523989,0.06517477041753969,-3.261776872620775,0.02894875593211832,-1.4610123891054017
0.08,-6.689034096271673,-0.6164812523403673,8.88058272759862,-0.07894195676705495,1.4559831961029057,0.05864477876469415,-3.26499582642277,0.025945710556312576,-1.5015226879028718
0.082,-6.196031553301908,-0.3545513423074066,8.532135099518804,-0.07598356106877836,1.479197849138296,0.05211028057652566,-3.2672490940842436,0.02288595076219029,-1.5298798970611438
0.084,-5.702620968492327,-0.09165846074093031,8.18569386560916,-0.0729319472231914,1.525806922793478,0.04556412388354227,-3.2730783464916953,0.019711989751168894,-1.5869805055106976
0.08600000000000001,-5.212445416535669,0.166221477484644,7.8487891585482625,-0.06985366692159313,1.5391401507991385,0.03901443841048713,-3.2748427365275714,0.01650533914999697,-1.6033253005859616
0.088,-4.681447586281735,0.46134125826897865,7.495570230346258,-0.06650851418907369,1.672576366259719,0.03184564645619399,-3.584395977146569,0.012756263052641596,-1.874538048677687
0.09,-4.124386676216186,0.8034322451338194,7.138796893723407,-0.06299255669815472,1.7579787454594862,0.024236154716561258,-3.8047458698163665,0.00834194678313654,-2.2071581347525284
0.092,-3.5456505952716513,1.1851127198480376,6.782366867043818,-0.05930697866842419,1.8427890148652661,0.01622640610910729,-4.004874303726983,0.0033259270539537592,-2.50800986459139
0.094,-2.6399467847186906,1.5474309521029568,6.66451032518694,-0.05545296431947011,1.9270071744770383,0.007856843551350483,-4.184781278878404,-0.0022282594224347823,-2.777093238194271
0.096,-1.519153984755547,1.9050184947824613,6.700200819952828,-0.05143169787088048,2.0106332242948164,-0.0008320900391907938,-4.344466795270638,-0.008257075933557123,-3.0144082555611704
0.098,-0.36959205685799046,2.282804476687637,6.751631075879613,-0.047244363542243276,2.093667164318601,-0.009799951744998175,-4.483930852903691,-0.014696985766941315,-3.219954916692096
0.1,0.8023492635445131,2.675137889220012,6.818149458793913,-0.0428921455531465,2.1761089945483874,-0.019006298648553268,-4.603173451777546,-0.02148445221011538,-3.393733221587033
0.10200000000000001,3.188749963787509,3.4820280125648635,6.991273739880333,-0.033697795471926244,4.597175040610129,-0.037972676378833094,-9.483188865139912,-0.03584790807594532,-7.181727932914968
0.10400000000000001,3.986222277205139,3.561246955248173,7.547469232453312,-0.028858031818978735,2.4198818264737545,-0.047651821370521076,-4.839572495843991,-0.04329682407365726,-3.7244579988559705
0.106,4.641087900490782,3.5723063325659252,8.213394233056707,-0.02385812138392364,2.499955217527548,-0.05740767988988329,-4.877929259681106,-0.05083914983127126,-3.771162878807001
0.108,5.290262181024063,3.5799072391850033,8.870169420209066,-0.018699248386348934,2.5794364987873526,-0.06719980901940133,-4.896064564759019,-0.058411348636315336,-3.7860994025220376
0.11,5.930548266645727,3.5816173838643524,9.51216565051008,-0.013382597045842638,2.6583256702531477,-0.07698776584155681,-4.893978411077741,-0.06594988377631754,-3.7692675700011016
0.112,6.558878032926999,3.574949205955288,10.133827238882287,-0.007909351581992734,2.7366227319249523,-0.08673110743883139,-4.87167079863729,-0.0733912185388059,-3.720667381244179
0.114,7.172335857340393,3.5573557585696696,10.729691615910063,-0.0022806962143872202,2.8143276838027567,-0.09638939089370666,-4.829141727437633,-0.08067181621130844,-3.6402988362512696
0.116,7.768196029098883,3.526253429409228,11.294449458508112,0.0035021848373859156,2.891440525886568,-0.10592217328866428,-4.7663911974788125,-0.08772814008135327,-3.5281619350224154
0.11800000000000001,8.343951071871638,3.4789555955079807,11.82290666737962,0.009438107353738671,2.9679612581763775,-0.11528901170618583,-4.683419208760774,-0.09449665343646832,-3.3842566775575262
0.12,7.806844506367656,3.534160928152109,11.341005434519765,0.003760061539890969,-2.839022906923851,-0.10653364766412715,4.377682021029338,-0.0882600814203917,3.118286008038311
0.122,8.343951071871638,3.478955595507981,11.82290666737962,0.009438107353738658,2.8390229069238444,-0.11528901170618581,-4.377682021029332,-0.09449665343646832,-3.118286008038311
0.124,8.876637509561398,3.4276682100674334,12.304305719628832,0.015231292359950483,2.8965925031059125,-0.12411912386977882,-4.415056081796501,-0.1008737536506519,-3.188550107091792
0.126,9.404459451929428,3.3804619612201705,12.784921413149599,0.021141536940122746,2.9551222900861314,-0.1330290788138974,-4.454977472059286,-0.10739336613135618,-3.259806240352138
0.128,9.926928090597096,3.3375091838470707,13.264437274444166,0.027170893270823813,3.0146781653505332,-0.14202427896117076,-4.497600073636685,-0.11405758959421203,-3.332111731427924
0.13,10.44350577058255,3.298991657648118,13.742497428230669,0.03332155661134138,3.0753316702587847,-0.15111046538641768,-4.543093212623458,-0.1208686468601771,-3.405528632982539
0.132,10.953602396169424,3.265100776691161,14.218703172860586,0.03959588577792035,3.137164583289484,-0.160293772957835,-4.591653785708666,-0.12782890198628877,-3.4801275630558304
0.134,11.45656804717181,3.236038086955075,14.692606134126885,0.04599640449029058,3.200259356185113,-0.16958074006375762,-4.643483552961306,-0.13494086069199973,-3.5559793528554815
0.136,11.951686084715538,3.212015631073115,15.163701715788653,0.05252581199231976,3.2647037510145913,-0.17897833985735864,-4.698799896800512,-0.14220717881975034,-3.6331590638753046
0.138,12.438168135731377,3.193256035307009,15.631424171038386,0.0591870116910936,3.3305998493869184,-0.1884940587636758,-4.757859453158583,-0.14963068578766728,-3.7117534839584687
0.14,12.915144519805997,3.1799929309289143,16.09513745073491,0.06598311823303385,3.3980532709701263,-0.19813592266437374,-4.8209319503489665,-0.1572143892942978,-3.7918517533152563
0.14200000000000002,13.381653710588925,3.1724712532325428,16.55412496382147,0.07291746735799888,3.467174562482515,-0.20791252867783327,-4.888303006729766,-0.16496148251176562,-3.873546608733916
0.14400000000000002,13.836634451708544,3.1709471911590996,17.007581642867645,0.07999365196473056,3.538092303365839,-0.21783314697799105,-4.960309150078889,-0.17287537279617377,-3.9569451422040713
0.146,14.278913659888248,3.175688300539505,17.454601960427752,0.0872155423696081,3.610945202438771,-0.22790778501706946,-5.037319019539202,-0.18095969636527595,-4.0421617845510935
0.148,14.707190291673983,3.186973569921336,17.89416386159532,0.09458729437930888,3.6858760048503885,-0.23814721760944993,-5.119716296190235,-0.1892183231636323,-4.129313399178172
0.15,15.12002237431538,3.2050930303339262,18.325115404649306,0.10211339196634887,3.7630487935199977,-0.24856311178624851,-5.207947088399292,-0.1976553895987669,-4.218533217567308
0.152,15.51581278789184,3.23034725120516,18.746160039097,0.10979869884694678,3.8426534402989514,-0.2591681836152653,-5.302535914508383,-0.20627533654803742,-4.309973474635257
0.154,15.892781166361825,3.2630468375831017,19.155828003944926,0.11764844280178337,3.9248719774182956,-0.26997616369962907,-5.403990042181894,-0.21508289470112985,-4.40377907654621
0.156,16.248944612595725,3.3035110713401084,19.552455683935833,0.12566827672770933,4.009916962962983,-0.28100198162775525,-5.51290896406309,-0.22408312953361012,-4.500117416240138
0.158,16.58211584820762,3.3520666857079244,19.934182533915546,0.13386448979170446,4.098106531997561,-0.2922623934456666,-5.630205908955688,-0.2332815991244705,-4.5992347954301875
0.16,16.889801489661835,3.409044859811479,20.298846349473315,0.14224357681359745,4.189543510946497,-0.3037747461281101,-5.756176341221747,-0.2426840206142144,-4.701210744871953
0.162,17.29647442803693,3.507118714741279,20.803593142778208,0.1543018260779586,6.029124632180569,-0.32075536644800245,-8.490310159946167,-0.25620350293955,-6.759741162667809
0.164,17.71128566296874,3.62096931099663,21.33225497396537,0.1642945195069046,4.996346714473007,-0.33711967906271,-8.182156307353777,-0.26735309221938125,-5.5747946399156145
0.166,0.0,0.0,0.0,0.17004509551380637,2.875288003450882,-0.35157701805811564,-7.228669497702817,-0.27363758481968525,-3.1422463001520016
0.168,0.0,0.0,0.0,0.16974911582160415,-0.147989846101107,-0.3628361141442198,-5.629548043052074,-0.2730094743483775,0.31405523565386506
0.17,0.0,0.0,0.0,0.16207228493824608,-3.838415441679038,-0.36982010353313743,-3.491994694458822,-0.2640214058252069,4.494034261585317
0.17200000000000001,0.0,0.0,0.0,0.1462475617098101,-7.912361614217988,-0.37190716055584344,-1.0435285113530035,-0.24596083699139132,9.030284416907785
0.17400000000000002,0.0,0.0,0.0,0.12211806445294777,-12.064748628431161,-0.369071203493367,1.4179785312382343,-0.21889768150773845,13.531577741826437
0.176,0.0,0.0,0.0,0.0900910830873593,-16.013490682794234,-0.36183153318792655,3.619835152720213,-0.18360829693187378,17.644692287932333
0.178,0.0,0.0,0.0,0.05101351768943267,-19.538782698963313,-0.3510346754561174,5.398428865904581,-0.14139636946515108,21.10596373336135
0.18,0.0,0.0,0.0,0.0060171353345204875,-22.498191177456093,-0.33758653006600225,6.724072695057565,-0.0938734769022924,23.761446281429336
0.182,0.0,0.0,0.0,-0.0436147562776584,-24.815945806089445,-0.3222491489706285,7.668690547686873,-0.042762673860441726,25.55540152092534
0.184,0.0,0.0,0.0,-0.09653241561050852,-26.458829666425057,-0.3055448504092252,8.35214928070166,0.010241215072614211,26.501944466527966
0.186,0.0,0.0,0.0,-0.15135680638660992,-27.4121953880507,-0.2877478259866824,8.898512211271386,0.06355209644047799,26.65544068393189
0.188,0.0,0.0,0.0,-0.2066830522071406,-27.663122910265333,-0.2689230324352264,9.412396775727998,0.1157277952230486,26.087849391285307
0.19,0.0,0.0,0.0,-0.2610663175068721,-27.191632649865753,-0.24898037685863336,9.971327788296527,0.1654761473990724,24.8741760880119
0.192,0.0,0.0,0.0,-0.31300237176216544,-25.968027127646675,-0.2277271352636814,10.626620797475978,0.21164358280861684,23.083717704772216
0.194,0.0,0.0,0.0,-0.36091017854825463,-23.953903393044595,-0.20491236451662925,11.407385373526077,0.2531917017973719,20.77405949437752
0.196,0.0,0.0,0.0,-0.4031195435611917,-21.10468250646852,-0.18026232274651988,12.325020885054688,0.28916224999688417,17.985274099756143
0.198,0.0,0.0,0.0,-0.43786334604065846,-17.371901239733393,-0.15350750862486345,13.377407060828212,0.3186273526826577,14.732551342886756
0.2,0.0,0.0,0.0,-0.4632711132771491,-12.703883618245316,-0.12440182455461198,14.552842035125739,0.34061979210496834,10.99621971115533
0.202,0.0,0.0,0.0,-0.478161835764441,-7.445361243645948,-0.0929674505841155,15.717186985248238,0.3545969860907705,6.988596992901081
