time,LF_GRF_x,LF_GRF_y,LF_GRF_z,LF_ThC1_pos,LF_ThC1_acc,LF_ThC3_pos,LF_ThC3_acc,LF_CTr_pos,LF_CTr_acc,LF_TrF_pos,LF_TrF_acc,LF_FTi_pos,LF_FTi_acc
0.0,0.0,0.0,0.0,0.22347398571834692,0.2007302730813286,-0.5172539692865519,-0.5373152351230763,0.8015958446570248,0.7865432730796282,-0.24399687379051438,-0.24399687379051438,0.17143821972205484,0.17143821972205484
0.002,0.0,0.0,0.0,0.22059557061986024,0.20166771156876154,-0.5115602561063751,-0.5263656140564045,0.7992703017720298,0.791958785814593,-0.24703764437753922,-0.24648471395367963,0.17746051466786328,0.1616361946496809
0.004,0.0,0.0,0.0,0.21769592330858661,0.2023895406066175,-0.5060221375322455,-0.5157285732841078,0.7969450729765488,0.7972583869158318,-0.25007861499991874,-0.24893024811366704,0.18334212230745578,0.1516716487586398
0.006,0.0,0.0,0.0,0.21478434276713637,0.20279044283883904,-0.5007599971115224,-0.5056334307998804,0.7945882306318443,0.8023010926476823,-0.2531190128376028,-0.25133351727950065,0.18908485177394668,0.1415423187455492
0.008,0.0,0.0,0.0,0.21187012797811988,0.20276510090936883,-0.49589421839156544,-0.4963095045974162,0.7921678470991791,0.8069459192744824,-0.2561580709355242,-0.25369455894254067,0.19469048819508886,0.13124587293814904
0.01,0.0,0.0,0.0,0.2089625779241474,0.2022081974621495,-0.4915451849197343,-0.48798611267040926,0.7896519947398165,0.8110518830605701,-0.2591950405869066,-0.2560133994812278,0.2001607421290559,0.12077976475358634
0.012,0.0,0.0,0.0,0.20607099158782924,0.20101441514112361,-0.4878332802433883,-0.4808925730125534,0.787008745915019,0.814478000270283,-0.26222918648118365,-0.2582900551538334,0.20549727080006558,0.11014126429838869
0.014,0.0,0.0,0.0,0.20320466795177572,0.19907843659023386,-0.48487888790988715,-0.4752582036175429,0.7842061729860499,0.8170832871679593,-0.2652597855131144,-0.2605245316801836,0.2107016837640813,0.0993274572134053
0.016,0.0,0.0,0.0,0.2003729059985972,0.19629494445342288,-0.4828023914665903,-0.4713123224790714,0.7812123483141716,0.8187267600179367,-0.2682861279013051,-0.262716822036687,0.215775539388158,0.08833521107631219
0.018000000000000002,0.0,0.0,0.0,0.20302809959108642,0.19935716835104006,-0.48431106652404987,-0.47416945362032126,0.7841402140098845,0.8176731649507836,-0.2713075163187735,-0.26486690528001694,0.22072034953496644,0.07716116224985259
0.02,0.0,0.0,0.0,0.20037290599859717,0.1962949444534229,-0.4828023914665903,-0.47131232247907145,0.7812123483141716,0.8187267600179367,-0.27432326489585745,-0.26697474614810224,0.22553758425345974,0.0658017132323615
0.022,0.0,0.0,0.0,0.19771552574062387,0.1932332359199885,-0.48128578013066536,-0.46839742057489336,0.7783675277846558,0.8199241830890327,-0.27733269951024025,-0.26904029313143357,0.23022867169517336,0.05425300454669817
0.024,0.0,0.0,0.0,0.19505572740116478,0.19017250658933693,-0.4797612515060484,-0.4654230439333091,0.7756048216997612,0.821267447614194,-0.28033515772694717,-0.2710634763323838,0.2347949996499344,0.042510883912130294
0.026000000000000002,0.0,0.0,0.0,0.19239329818925166,0.18711324803933663,-0.4782288185591325,-0.46238739207354357,0.7729233285488031,0.822758729539803,-0.28332998776831286,-0.27304420717725686,0.23923792016305426,0.030570903677291587
0.028,0.0,0.0,0.0,0.18972804392896608,0.1840559828304275,-0.47668848855340634,-0.45928855785018063,0.7703221753730088,0.8244003836629445,-0.28631654857429173,-0.27498237656589064,0.2435587502626719,0.018428292818322447
0.03,0.0,0.0,0.0,0.18705978949958946,0.18100127030495033,-0.47514026333526393,-0.4561245092786273,0.7678005175732012,0.8261949728433281,-0.28929421016333906,-0.27687785161737744,0.2477587720659052,0.006077906573835005
0.032,0.0,0.0,0.0,0.18438837702222197,0.17794970833982438,-0.4735841401998125,-0.45289308550876894,0.76535753547401,0.8281452732744844,-0.29226235269033823,-0.27873047522987365,0.25183923687129833,-0.006485780768258126
0.034,0.0,0.0,0.0,0.18171366546921322,0.17490193707426677,-0.47202011226029916,-0.449591985995485,0.7629924331927956,0.8302542911399483,-0.2952203663131898,-0.2805400643516504,0.25580136643779494,-0.019268703860633445
0.036000000000000004,0.0,0.0,0.0,0.1790355313763634,0.17185864769475973,-0.47044816862421274,-0.44621874392803745,0.7607044388863494,0.8325253043853418,-0.2981676517583382,-0.28230640554009595,0.2596463524988545,-0.03227727813627193
0.038,0.0,0.0,0.0,0.17635386741103942,0.16882058648875747,-0.46886829505033323,-0.4427707160075732,0.7584928020696059,0.8349618769568563,-0.30110361961545856,-0.2840292537339414,0.2633753599123146,-0.04551842244556263
0.04,0.0,0.0,0.0,0.17366858164118423,0.1657885593360734,-0.4672804743372772,-0.43924507052488376,0.7563567921261186,0.8375678760212473,-0.30402769001444013,-0.285708330666613,0.26698952837376405,-0.05899958745019746
0.042,0.0,0.0,0.0,0.17097959821659167,0.16276344404904142,-0.4656846864839862,-0.43563875164712507,0.7542956985408835,0.8403475265719184,-0.30693929321077534,-0.28734331932311064,0.27048997190618757,-0.07272884897635133
0.044,0.0,0.0,0.0,0.1682868565182602,0.15974619974655166,-0.46408090915047595,-0.4319484548439078,0.7523088291373711,0.8433054465396251,-0.30983786924669326,-0.28893386075568683,0.2738777808488275,-0.08671496638714267
0.046,0.0,0.0,0.0,0.1655903101056619,0.15673787224999283,-0.46246911803796337,-0.42817061406182577,0.7503955083182883,0.8464466637055491,-0.3127228674238706,-0.29047955277519666,0.2771540239255974,-0.10096740982120815
0.048,0.0,0.0,0.0,0.16288992719275075,0.1537396107967104,-0.46084928706302347,-0.42430135576979877,0.7485550770806129,0.8497766835914865,-0.3155937467864769,-0.2919799433828832,0.2803197479859701,-0.11549647544742861
0.05,0.0,0.0,0.0,0.16018569060349072,0.15075269105978417,-0.4592213886741556,-0.42033643844306456,0.7467868922601405,0.8533015760131334,-0.3184499763364057,-0.29343452274920584,0.2833759786565278,-0.13031343125384473
0.052000000000000005,0.0,0.0,0.0,0.15747759596269498,0.1477785135405963,-0.4575853942061075,-0.4162712612601856,0.7450903241784133,0.8570279578709816,-0.3212910339417038,-0.29484272551007995,0.28632372328816613,-0.14543048542639198
0.054,0.0,0.0,0.0,0.15476565215327934,0.1448186311124482,-0.4559412740576368,-0.41210079212385337,0.7434647566307642,0.8609630956211064,-0.32411640684357573,-0.2962039212281219,0.2891639706928303,-0.16086095934059633
0.056,0.0,0.0,0.0,0.1520498845602105,0.1418748406840406,-0.4542889978655369,-0.4078193253300676,0.7419095892696225,0.8651152532411132,-0.3269255943256512,-0.2975173814299887,0.29189768730325705,-0.17661987718992128
0.058,0.0,0.0,0.0,0.14933032384070247,0.13894901833451215,-0.4526285350320747,-0.4034209369365255,0.7404242267934082,0.8694930175901829,-0.3297180995273137,-0.29878234594371655,0.2945258324176265,-0.1927228142221438
0.06,0.0,0.0,0.0,0.14552470486573943,0.13577126465752545,-0.45028122412078736,-0.3981918440696572,0.7380767851242416,0.8744596831976463,-0.3338008390251817,-0.3002619509314189,0.29852940179490456,-0.21155544122751832
0.062,0.0,0.0,0.0,0.14252850483154256,0.13326372859070718,-0.44834284810472363,-0.3937508003559172,0.7340926567741956,0.8768399187480703,-0.33821581788680927,-0.3019610021408141,0.30444156902541036,-0.22605652397020815
0.064,0.0,0.0,0.0,0.14102312150506693,0.13189477417676715,-0.4471749176990208,-0.39096233313766277,0.727014360973142,0.8741210925124434,-0.34328310516256894,-0.3041359142336101,0.31398590323175835,-0.23211197210349752
0.066,0.0,0.0,0.0,0.1415456388147578,0.13201364471159185,-0.4470725117105752,-0.39054848314902585,0.7157416802573494,0.8643335216916201,-0.34926054271009066,-0.30699841591222454,0.3284153186508245,-0.22649814132545645
0.068,0.0,0.0,0.0,0.14449412818147872,0.13389252297808174,-0.44827043730149524,-0.39297984422799515,0.6995345151781668,0.846247989949525,-0.3563330073688005,-0.31071662567605945,0.3484771684682635,-0.20723369808292932
0.07,0.0,0.0,0.0,0.1501335641673885,0.1377581704563119,-0.45094954613440547,-0.39840106477367043,0.6780067736738074,0.819505219917786,-0.3646020056982486,-0.31541045706456006,0.3743978687138159,-0.17381439640783547
0.07200000000000001,0.0,0.0,0.0,0.1586027349407629,0.14379414942808028,-0.45524198118134834,-0.40665216152308903,0.6511069549728459,0.7845708512050735,-0.3740760519966812,-0.3211417515305056,0.40590186542759665,-0.12714354065414538
0.074,0.0,0.0,0.0,0.16992217880433472,0.1521170627292108,-0.46123400992410246,-0.41738039215605754,0.6190872462489798,0.7425148435068121,-0.38466189373184034,-0.3279033222600284,0.44226717997959275,-0.069150666265332
0.076,0.0,0.0,0.0,0.18400269341889802,0.16274980622867463,-0.4689651923825657,-0.4301735409231009,0.5824682397535359,0.6947238974402883,-0.3961565054565088,-0.3356113348443237,0.48240889195378167,-0.002280733042206426
0.078,0.0,0.0,0.0,0.20065354138423158,0.17561027182829494,-0.47842313941569237,-0.44464916115243924,0.5420086697936682,0.6426683629185943,-0.40823996831846876,-0.3441027815116192,0.5249761934541365,0.07093749687320686
0.08,0.0,0.0,0.0,0.21958927491287544,0.1905166207217449,-0.48953404786890964,-0.46048286452239645,0.4986880264785503,0.5877773638665389,-0.4204700831663304,-0.3531371634545966,0.5684489938521636,0.14814873642468346
0.082,0.0,0.0,0.0,0.24043418793266952,0.2072002379178147,-0.5021504147201706,-0.477394626729575,0.45370521080804727,0.5314105794449007,-0.43228097099284263,-0.36240040360493403,0.6112244793498556,0.2272713398349611
0.084,0.0,0.0,0.0,0.2627237908527472,0.22531909558735339,-0.516038641670247,-0.4951198501307701,0.4084899403201595,0.47488856146385455,-0.4429898540310939,-0.37150936208210517,0.651689306734813,0.3065086706833539
0.08600000000000001,0.0,0.0,0.0,0.2859034395845123,0.24446912636672638,-0.5308703696847099,-0.5133838394311069,0.36471675339275555,0.41954773432408654,-0.45181801850901815,-0.3800161668210267,0.6882766755165668,0.38433455205479183
0.088,0.0,0.0,0.0,0.3093254189950504,0.264185048552882,-0.5462218395480275,-0.5318765317562254,0.3243056576199784,0.3668184654102725,-0.45793227192608216,-0.38741199117741765,0.7195083285121896,0.4594215251989976
0.09,0.0,0.0,0.0,0.33224734214734575,0.28393623598847534,-0.5615846942115266,-0.5502394874552333,0.28939105097115897,0.3182993212247405,-0.4605101589557306,-0.39313099794698214,0.7440198750839169,0.53056952673352
0.092,0.0,0.0,0.0,0.3538362499989273,0.3031183517568268,-0.576389051243124,-0.5680649211461901,0.2622449479675208,0.275822005565676,-0.4588245061489702,-0.3965542735835525,0.7605648368993054,0.5966269429515861
0.094,0.0,0.0,0.0,0.3731833346846584,0.32104252055663285,-0.5900360490815044,-0.5849070860141765,0.245154624911333,0.24149928490141204,-0.45233188221051907,-0.3970125522386837,0.7679898977525946,0.6563963425480785
0.096,0.0,0.0,0.0,0.389332706875847,0.3369245330476597,-0.6019343112561745,-0.6003059216398895,0.24027696785102462,0.21774539035202412,-0.44074082659027525,-0.3937857641762296,0.7651721125088045,0.7085172650717966
0.098,0.0,0.0,0.0,0.4013239215714647,0.34987707152910835,-0.6115347561645798,-0.6138214610932956,0.2495129688560637,0.207254948436087,-0.42403694862428554,-0.3860989632410185,0.7509085030360246,0.7513189198602124
0.1,0.0,0.0,0.0,0.40860576321433895,0.3592426872642795,-0.6185661090064203,-0.6252506221614583,0.2732776706425796,0.21172404358353664,-0.4028376513837097,-0.3734687551378352,0.7246604666934431,0.7835403457188681
0.10200000000000001,0.0,0.0,0.0,0.4116083696080343,0.3651453566486221,-0.6233122492885065,-0.6348660384715664,0.3089888291893247,0.22992327248505426,-0.37872374553992255,-0.3562564780475776,0.6877363474072448,0.8055419682994314
0.10400000000000001,0.0,0.0,0.0,0.4109484598416867,0.367827097695416,-0.6261182121850365,-0.6429913878932967,0.35394370264693453,0.26011644950173246,-0.353168800318269,-0.33500245097674153,0.6414263688681748,0.8175695491864124
0.106,0.0,0.0,0.0,0.4073140993612192,0.36758334079376137,-0.6273164671938511,-0.6499380217825421,0.405707967806314,0.3002722591468926,-0.327414344406624,-0.3104145020044214,0.5869664392582965,0.8198225859811165
0.108,0.0,0.0,0.0,0.40141906051651144,0.3647629250825068,-0.6272055772470105,-0.6559806024169667,0.4621666876442462,0.3481082549486472,-0.302461764646235,-0.2833978297833242,0.5256393685650369,0.8126491884044358
0.11,0.0,0.0,0.0,0.3939596103198843,0.3597648026261106,-0.6260372938617819,-0.6613393932632411,0.521507004495414,0.401196967590359,-0.27908207395626927,-0.25503408416906226,0.45883585321920894,0.7966774321076571
0.112,0.0,0.0,0.0,0.3855773749741067,0.35302875219573915,-0.6240110465029932,-0.666169452131303,0.5821595821031542,0.45710556236291255,-0.2578365460739857,-0.22650725836677696,0.3880870364422328,0.7728782624565675
0.114,0.0,0.0,0.0,0.3768297751041485,0.34501773198563357,-0.6212758548537224,-0.6705551468817352,0.6427216963114943,0.5135306960520247,-0.23910283716857494,-0.19899695426161687,0.31508015800654127,0.742562095714773
0.116,0.0,0.0,0.0,0.36816823804966103,0.33619107998501013,-0.6179402364421958,-0.6745084249104034,0.7018791243836653,0.5683975165722498,-0.2231014728816469,-0.1735728612191813,0.24166493736151445,0.7073160316187876
0.11800000000000001,0.0,0.0,0.0,0.35992403651932675,0.3269664299508535,-0.6140904885389324,-0.677966177195442,0.7583395752536899,0.619905010063802,-0.20991867084830484,-0.15113023614297136,0.16985205692725885,0.6688711750623976
0.12,0.0,0.0,0.0,0.352302055676635,0.3177073793653534,-0.6098164126321155,-0.6808186111801822,0.810788796738979,0.6665635930318409,-0.19952385732118177,-0.13231847818082687,0.10179720109807637,0.6290635910476168
0.122,0.0,0.0,0.0,0.34538376637117163,0.30870696294382716,-0.6052406015531749,-0.6829353884854381,0.8578818805555601,0.7072166983913128,-0.1917834491082524,-0.11751733587819897,0.039755081509794156,0.5897184640269711
0.124,0.0,0.0,0.0,0.33914165822300496,0.3001732475429254,-0.6005426350989868,-0.6841878180052055,0.8982851320629625,0.7410433747226586,-0.18647560404979105,-0.10686225215343566,-0.014020604634705204,0.5524895570830393
0.126,0.0,0.0,0.0,0.3334673997061104,0.2922304040214946,-0.5959643729307298,-0.6844743016740815,0.930783915659968,0.7675658167844642,-0.18331219264178047,-0.10028140037991483,-0.05745804246003568,0.5187252235958909
0.128,0.0,0.0,0.0,0.3282134833949775,0.28493101405332977,-0.5917817854858145,-0.6837439012716531,0.9544616804067457,0.7866683148848346,-0.18197194952130455,-0.09753032132424948,-0.08894231006141148,0.48936383316041693
0.13,0.0,0.0,0.0,0.32324166786341685,0.2782727063707916,-0.5882397718431518,-0.6820133426299305,0.9689280546946931,0.7986238289376048,-0.18214085863049528,-0.09821809746943241,-0.10765781331866178,0.46486090069549074
0.132,0.0,0.0,0.0,0.31846266264848605,0.2722124020475633,-0.5854708727231254,-0.679374241507059,0.9745349006945117,0.8041189838428419,-0.18354454944567616,-0.10182452769630529,-0.11391183034586423,0.4451511486727364
0.134,0.0,0.0,0.0,0.31384761100517405,0.2666736992156578,-0.5834405264622536,-0.67598937901106,0.9724974348270491,0.8042685879543918,-0.18595168934362097,-0.10771021303750679,-0.10931615978836515,0.4296468834355934
0.136,0.0,0.0,0.0,0.3094018120382596,0.2615461637703904,-0.5819529675750411,-0.6720791825207582,0.9648689705807173,0.8006158585176317,-0.1891366806322317,-0.1151218706084748,-0.09674578742349464,0.4172676855950905
0.138,0.0,0.0,0.0,0.30511190499171065,0.25667835480183526,-0.5807102903629776,-0.6679017860803353,0.954397455329499,0.7951219824602516,-0.19281151974633742,-0.12319482078097323,-0.08011122186451981,0.40648687721531795
0.14,0.0,0.0,0.0,0.30091764238338226,0.2529302388107113,-0.5794375124979907,-0.6645525130370619,0.9437548371344476,0.790765421333497,-0.19664469994172307,-0.12948266948260978,-0.06322736745699234,0.39791242817930145
0.14200000000000002,0.0,0.0,0.0,0.2967942798863669,0.24917538957425361,-0.578085823572685,-0.6611612712715041,0.9334907502786921,0.7866562605097622,-0.20055333808215142,-0.13566817110644971,-0.04688115429626055,0.38905301691418626
0.14400000000000002,0.0,0.0,0.0,0.2944937132843597,0.24704421579817776,-0.577279341076979,-0.6592146086093504,0.9278786124777263,0.7844680034278229,-0.20280735102257677,-0.1391154876423665,-0.0379098187337788,0.3838713686069821
0.146,0.0,0.0,0.0,0.29220072538681446,0.24491233052747138,-0.5764641789283644,-0.657261789512512,0.9223123115742634,0.7823127716713552,-0.20506977791208922,-0.14254925472649563,-0.029004268843139867,0.37865178015808243
0.148,0.0,0.0,0.0,0.2899323682787704,0.2427781328992158,-0.5756208079077976,-0.6552889620029476,0.9168949805876846,0.7802648722226707,-0.20735955013613497,-0.14593898609231495,-0.020312522385989656,0.37330888624867187
0.15,0.0,0.0,0.0,0.28767753808134183,0.24064270733657028,-0.574761567373913,-0.653303239770293,0.9115653065954136,0.7782830751171556,-0.20966468559022458,-0.14930172878850653,-0.011747233446276845,0.3678900977219496
0.152,0.0,0.0,0.0,0.28543792565835574,0.2385059003477361,-0.5738844736375462,-0.651303010974162,0.9063342467217389,0.7763756431477056,-0.2119871046781136,-0.15263410923136697,-0.003324209213680979,0.3623859277507515
0.154,0.0,0.0,0.0,0.2832163653994413,0.23636755297462397,-0.57298552607963,-0.6492825445629529,0.9012291674752225,0.7745674586285944,-0.21433052368949845,-0.15592618362159513,0.004916140646656558,0.3567678188720515
0.156,0.0,0.0,0.0,0.2810023268755568,0.23422856377472945,-0.5720774727627349,-0.647253645812128,0.8961765801566891,0.7728006272137912,-0.21668269266900647,-0.15920146382322642,0.013080376185219499,0.35110223544855923
0.158,0.0,0.0,0.0,0.27880962069251297,0.23208793495551244,-0.5711425561908517,-0.6451965374563765,0.8912852419972276,0.7711662766545814,-0.21906031310254956,-0.16242325217146047,0.02100962015210801,0.34528449670849737
0.16,0.0,0.0,0.0,0.27662177594097975,0.22994697626334695,-0.5702012977854872,-0.6431321404188983,0.8864330577672547,0.7695650802127458,-0.22144384801802905,-0.1656317165464173,0.028881595204724185,0.33942865322942695
0.162,0.0,0.0,0.0,0.2744503959370841,0.22780495638639076,-0.5692382792732482,-0.6410419573347986,0.881716560870166,0.7680799627357747,-0.22384756050845164,-0.16879360416998798,0.03655485453247468,0.3334393662689828
0.164,0.0,0.0,0.0,0.2722862352673737,0.22566259840745728,-0.5682651470532221,-0.6389383140422142,0.8770654186063709,0.7666529789660298,-0.22626037639229477,-0.17193232202400663,0.04413193999872597,0.3273831501659927
0.166,0.0,0.0,0.0,0.2701323879322137,0.22351975742569902,-0.5672775666792144,-0.6368154418803658,0.8725076401044235,0.7653090433494651,-0.22868619712388163,-0.1750379402072367,0.05157163423426438,0.32123132100222246
0.168,0.0,0.0,0.0,0.26798841790527783,0.2213766971169001,-0.5662751525052897,-0.6346705000265183,0.8680489516003981,0.7640566360412597,-0.23112485963114396,-0.17810734055422797,0.05886482734685213,0.3149739015488891
0.17,0.0,0.0,0.0,0.26584983550100966,0.2192335171751699,-0.5652646471677739,-0.632513520158853,0.8636443121861482,0.7628541532648866,-0.23357052674332024,-0.18115698571781627,0.06607811075601243,0.3086588873921574
0.17200000000000001,0.0,0.0,0.0,0.2637228757716886,0.2170904772724433,-0.5642351857879075,-0.6303251545587292,0.8593702419966698,0.7617767633671522,-0.23603181284480307,-0.18415751002732894,0.07309747586412024,0.30219918811184276
0.17400000000000002,0.0,0.0,0.0,0.2615987880683035,0.21494753521006305,-0.5632008189411268,-0.6281282417461045,0.8551304275719913,0.7607327755381807,-0.23849702398780634,-0.18714497154988471,0.08006585557416643,0.2957007943031622
0.176,0.0,0.0,0.0,0.2594846178844907,0.21280518691127662,-0.5621486171348402,-0.6258986105721811,0.8510169621585429,0.759814210346294,-0.2409760539529066,-0.19008358302433936,0.08684576309980264,0.2890568766553208
0.178,0.0,0.0,0.0,0.2573737844623746,0.2106632638752563,-0.561089676894205,-0.6236553408957016,0.846952468880836,0.7589459679184157,-0.24345992454285223,-0.19300276353215556,0.09355231265258843,0.2823543538726639
0.18,0.0,0.0,0.0,0.2552690684367026,0.20852212048764077,-0.560018382857264,-0.6213870672978695,0.8429777578519887,0.7581699838912196,-0.24595266961168083,-0.19588632060113442,0.10012437258848124,0.27554438834284556
0.182,0.0,0.0,0.0,0.2531689427742277,0.20638201007589416,-0.558936439861719,-0.619095111585291,0.8390822369597272,0.7574781682642283,-0.24845238733763927,-0.1987376744314552,0.10657733217606336,0.2686359808594998
0.184,0.0,0.0,0.0,0.2510720303659907,0.20424262274725574,-0.5578470425951513,-0.6167865783923897,0.8352421491630755,0.7568452705173803,-0.25095698592358867,-0.20156648599471547,0.11294692151982812,0.26165866400868465
0.186,0.0,0.0,0.0,0.2489802880212706,0.20210515260627704,-0.5567434556660191,-0.6144435087521948,0.8315097575853186,0.7563306888900718,-0.25346987616976796,-0.20435046554844014,0.11915391749843338,0.254542293622835
0.188,0.0,0.0,0.0,0.24688993989861413,0.19996826521293162,-0.5556358598659352,-0.612090469010496,0.8278079250417172,0.7558499513315202,-0.25598503454075866,-0.20712165373075056,0.12531473625717313,0.24738609306545073
0.19,0.0,0.0,0.0,0.24462106893267377,0.19810690772397624,-0.5539590548625145,-0.6086469350106777,0.8240428116079292,0.7559644006652244,-0.25850805435937146,-0.2098418897174121,0.13129418246432528,0.2400693647407755
0.192,0.0,0.0,0.0,0.24224727491045372,0.1969777969899601,-0.5513543925389048,-0.6034521193619884,0.820565361012289,0.7572317919861616,-0.2610330448666998,-0.2125462900346466,0.13721825723238093,0.23270190184368014
0.194,0.0,0.0,0.0,0.2397778568145642,0.19647561565482594,-0.547942256442466,-0.5967353400581223,0.8173436456160593,0.7595111415586697,-0.2635627650269455,-0.21521268474525584,0.1430094405466044,0.22521267597277708
0.196,0.0,0.0,0.0,0.2372221136276156,0.19649504636251633,-0.5438430301205573,-0.5887259150927734,0.8143457377805031,0.7626614656470865,-0.26609518819146594,-0.21785072687574905,0.14870317330916266,0.21763097303978463
0.198,0.0,0.0,0.0,0.2345893443322182,0.19693077175697388,-0.5391770971205384,-0.5796531624596356,0.8115397098668832,0.7665417805157501,-0.268630014026453,-0.22046356671280576,0.15431028335912977,0.20996706827382364
0.2,0.0,0.0,0.0,0.23188884791098233,0.19767747448214126,-0.5340648409897689,-0.5697464001524031,0.8088936342364624,0.7710111024289982,-0.27116756529916763,-0.22303566312903852,0.1597796569249556,0.2021677153671976
0.202,0.0,0.0,0.0,0.22912992334651827,0.1986298371819611,-0.5286266452756083,-0.5592349461647697,0.806375583250504,0.7759284476511686,-0.27370595516810614,-0.2255952231080947,0.16520665003412263,0.1943266861095977
