time,RH_GRF_x,RH_GRF_y,RH_GRF_z,RH_CTr_theta,RH_CTr_vel,RH_TrF_theta,RH_TrF_vel,RH_FTi_theta,RH_FTi_vel
0.0,0.0,0.0,0.0,-0.5217454404538557,0.0,0.15706776088406885,0.0,0.46162972195568863,0.0
0.002,0.0,0.0,0.0,-0.5365487553436846,-7.401657444914444,0.12433661893487977,-16.36557097459454,0.4753514456633572,6.860861853834277
0.004,0.0,0.0,0.0,-0.5430118203001968,-3.231532478256083,0.08956598870346255,-17.385315115708607,0.4819177800404529,3.2831671885478473
0.006,0.0,0.0,0.0,-0.5417223939726443,0.6447131637762338,0.053768969957415515,-17.89850937302352,0.4817024915845769,-0.10764422793799189
0.008,0.0,0.0,0.0,-0.533453097374125,4.134648299259635,0.01792530034034181,-17.921834808536854,0.4752191853432086,-3.2416531206841404
0.01,0.0,0.0,0.0,-0.5191557644545476,7.148666459788733,-0.017051361990457925,-17.488331165399867,0.4631589672831655,-6.0301090300215465
0.012,0.0,0.0,0.0,-0.49993511142146374,9.610326516541923,-0.050339052679901505,-16.64384534472179,0.4463935614152374,-8.382702933964065
0.014,0.0,0.0,0.0,-0.47700692790678745,11.464091757338146,-0.08122201720890483,-15.441482264501662,0.42594993728670005,-10.22181206426867
0.016,0.0,0.0,0.0,-0.45164548497914664,12.680721463820404,-0.10909376853768203,-13.9358756643886,0.40296364111369964,-11.493148086500204
0.018000000000000002,0.0,0.0,0.0,-0.4251240509658379,13.260717006654376,-0.13345261046889353,-12.17942096560575,0.37861793045286823,-12.172855330415704
0.02,0.0,0.0,0.0,-0.3986515220430608,13.236264461388537,-0.15389653558785468,-10.221962559480573,0.3540747086478391,-12.27161090251458
0.022,0.0,0.0,0.0,-0.37330764891652646,12.671936563267177,-0.1701249060918956,-8.114185252020455,0.3304019517909321,-11.836378428453475
0.024,0.0,0.0,0.0,-0.3499795942057721,11.664027355377165,-0.18195215745965165,-5.9136256838780294,0.3085016771376999,-10.95013732661612
0.026000000000000002,0.0,0.0,0.0,-0.32930367279183653,10.337960706967797,-0.1893345817800873,-3.6912121602178245,0.2890429084601559,-9.72938433877199
0.028,-19.55090982060943,9.436240954476547,28.98715077508598,-0.31161760612324085,8.84303333429784,-0.1924063688002891,-1.5358935101009024,0.27240519051139495,-8.318858974380477
0.03,-18.8041197423176,8.476952921357483,27.281072663675083,-0.2969293709561796,7.344117583530624,-0.1915173411755596,0.4445138123647524,0.2586389307889475,-6.883129861223719
0.032,-18.085490542572817,7.750641106943363,25.83613164951618,-0.2849074821423998,6.010944406889901,-0.18726405071325022,2.126645231154689,0.2474478554340335,-5.5955376774570045
0.034,-17.384602564686748,7.2007415635188625,24.585344128205612,-0.27489362840556547,5.006926868417167,-0.18050891648270756,3.377567115271332,0.23819520391158283,-4.626325761225333
0.036000000000000004,-16.6954515704132,6.754905941401548,23.45035751181475,-0.26593243606975697,4.480596167904249,-0.17238779340630936,4.0605615381991,0.22992897518367786,-4.133114363952487
0.038,-16.00948627147237,6.336723589514556,22.346209860986924,-0.25703918029266754,4.446627888544718,-0.16404181355137956,4.172989927464898,0.2216523172253028,-4.138328979187533
0.04,-15.3247092423176,5.929280235043349,21.253989477360946,-0.24799962080205473,4.519779745306401,-0.15571564238130867,4.163085585035447,0.2131462359399138,-4.2530406426944944
0.042,-14.936512502381248,5.701469703093941,20.63798220547519,-0.24279370403343006,2.6029583843123345,-0.15100718123100837,2.3542305751501487,0.20819491002121243,-2.475662959350686
0.044,-14.550218710522266,5.479776948880766,20.02999565940303,-0.2375679780796481,2.612862976890978,-0.1463006244095977,2.353278410705331,0.2032124001194492,-2.4912549508816215
0.046,-14.163835170691751,5.2600107879520035,19.423845958643753,-0.23227787227410465,2.6450529027717273,-0.14160025665707823,2.350183876259737,0.1981285422727346,-2.5419289233572924
0.048,-13.778599165270451,5.0444982802842055,18.82309744555466,-0.22694777670107114,2.6650477865167583,-0.13690289577971534,2.348680438681444,0.1929816395140269,-2.573451379353858
0.05,-13.39438379970096,4.83278448497283,18.227168284673787,-0.22157269263961124,2.6875420307299476,-0.13220891763690348,2.3469890714059303,0.18776381122932687,-2.6089141423500104
0.052000000000000005,-13.010533187786265,4.623481867584585,17.63401505537085,-0.21613699247382312,2.7178500828940604,-0.12751817415230413,2.3453717422996787,0.1824503096976712,-2.656750765827831
0.054,-12.628846497595747,4.4198080709963214,17.04865456859207,-0.2106760355978984,2.7304784379623555,-0.12282877844196015,2.3446978551719884,0.17709694431311757,-2.676682692276819
0.056,-12.246716740715254,4.216728036744492,16.463444777459745,-0.20513331047658231,2.771362560658047,-0.11814188841314231,2.343445014408918,0.17161441085157672,-2.7412667307704224
0.058,-11.867179329533732,4.019704549897668,15.8868838794314,-0.1995699449292629,2.781682773659713,-0.11345526415379822,2.3433121296720443,0.1660992586615324,-2.7575760950221544
0.06,-11.487858407873695,3.824197577919693,15.312055985793387,-0.19393410646550027,2.8179192318813078,-0.10876914932821959,2.343057412789319,0.1604695597609264,-2.8148494503030115
0.062,-11.110570469304008,3.633351521185932,14.743921990489941,-0.188261516967992,2.8362947487541312,-0.10408239200434827,2.343378661935659,0.1547817599555122,-2.8438999027071006
0.064,-10.734678672550425,3.445809323501327,14.180487996051752,-0.18253642599370404,2.862545487143986,-0.09939471682577296,2.343837589287655,0.14901095885751464,-2.8854005489987733
0.066,-10.359992668773051,3.2611048168394365,13.621097485612488,-0.17675268808900674,2.8918689523486503,-0.09470452613590608,2.3450953449334415,0.14314744553761394,-2.9317566599503517
0.068,-9.987909233883693,3.0814374819151498,13.069346715798844,-0.17093696094954053,2.9078635697331046,-0.09001296334897096,2.345781393467555,0.1372333619148568,-2.957041811378569
0.07,-9.616184810934149,2.902817662856799,12.519002473790948,-0.16503991341890248,2.948523765319025,-0.08531577314849004,2.3485951002404635,0.13119076638694732,-3.0212977639547387
0.07200000000000001,-9.247769849341028,2.730041409235463,11.97781125857649,-0.15912098272786676,2.9594653455178586,-0.08061676826548657,2.3495024415017345,0.12511359947588835,-3.0385834555294866
0.074,-8.87989627931541,2.5582942046975368,11.438190484012948,-0.15311924872502056,3.000867001423102,-0.07590978067710986,2.3534937941883523,0.11890565909636047,-3.1039701897639382
0.076,-8.51500031777381,2.391436558350025,10.906436876123834,-0.14708374187329062,3.0177534258649663,-0.0711985881553804,2.355596260864734,0.11264442873480233,-3.1306151807790683
0.078,-8.15188638658641,2.2272859584108518,10.379172344997261,-0.140986318131941,3.0487118706748055,-0.06647968658917117,2.3594507831046148,0.10628550007285585,-3.1794643309732415
0.08,-7.7908845955747825,2.0662290075021694,9.857113603076952,-0.1348314155006407,3.0774513156501535,-0.06175196195022004,2.3638623194755617,0.09983598308304394,-3.2247584949059576
0.082,-7.4329238241766795,1.90948776622484,9.34241159040152,-0.12863627764637478,3.0975689271329627,-0.05701806116034946,2.3669503949352926,0.09332305426372603,-3.2564644096589532
0.084,-7.076198423757743,1.7540864143856658,8.83028483814341,-0.12235884324010642,3.138717203134182,-0.05226906810355472,2.374496528397368,0.0866806123276303,-3.321220968047864
0.08600000000000001,-6.723515265665046,1.6041236962172676,8.327638961882315,-0.11605775277194166,3.150545234082376,-0.047515551458197844,2.3767583226784392,0.08000095826526935,-3.3398270311804783
0.088,-6.342654522483596,1.4386963138306672,7.781350836314264,-0.10910830239549904,3.4747251882213113,-0.04217068585966489,2.672432799266478,0.07237870413655426,-3.8111270643575446
0.09,-5.881473282808733,1.1543010812146897,7.271840890838907,-0.1016305248189424,3.73888878827832,-0.036242463546257035,2.9641111567039258,0.06372255910763404,-4.328072514460109
0.092,-5.296710326992385,0.6801168398890408,6.860310533503566,-0.09366505182549353,3.9827364967244328,-0.0297910404265978,3.2257115598296173,0.054130724545670354,-4.7959172809818424
0.094,-4.686921386994813,0.17211909788332402,6.448690728891124,-0.08525251519837415,4.206268313559691,-0.022876572409310663,3.4572340086435682,0.04370140181782481,-5.214661363922772
0.096,-4.059000701068703,-0.36133015789258804,6.041668700178532,-0.076433546720806,4.409484238784074,-0.015559215403019142,3.6586785031457607,0.032532792291259015,-5.584304763282897
0.098,-3.419493278318826,-0.91233536866983,5.643048936194962,-0.0672487781760109,4.592384272397553,-0.007899125316346726,3.8300450433362077,0.02072309733313463,-5.904847479062192
0.1,-2.774502061654283,-1.4735193185719488,5.255657185224754,-0.05773884134721053,4.7549684144001825,4.354194208307065e-05,3.9713336292148984,0.008370518310613263,-6.176289511260683
0.10200000000000001,-0.5742251232553038,-2.6161499723153923,5.1829788718005965,-0.03790598997048113,9.9164256883647,0.01653598433972083,8.24622119881888,-0.017570486458973897,-12.97050238479358
0.10400000000000001,0.5288562368336993,-2.9503393328467693,5.499328650549327,-0.02766433898899558,5.1208254907427735,0.02496544766168179,4.21473166098048,-0.030962509471716446,-6.696011506371274
0.106,1.6201895559629373,-3.2801356282992526,5.816022005742172,-0.01726004685639181,5.202146066301886,0.033436864520906134,4.235708429612171,-0.04450461108020945,-6.771050804246501
0.108,2.6153856158047297,-3.5699537798633436,6.185339395668073,-0.006733745355891564,5.263150750250123,0.04189007900877037,4.226607243932118,-0.05809858991729131,-6.796989418540931
0.11,3.173479112476694,-3.6779507593316385,6.851429871808333,0.0038739337292833884,5.303839542587476,0.050264935216650986,4.187428103940308,-0.0716462446158004,-6.7738273492545416
0.112,3.7098010724153165,-3.7747260786768493,7.484527151092166,0.014522358615911283,5.3242124433139475,0.058501277235924465,4.11817100963674,-0.08504937380857507,-6.701564596387335
0.114,4.220210017705227,-3.857426862124459,8.077636879829686,0.02517089752077039,5.3242694524295535,0.06653894915796733,4.018835961021434,-0.09820977612845369,-6.580201159939312
0.116,4.701016247629586,-3.9231960831984924,8.62421233082808,0.03577891866063897,5.304010569934288,0.07431779507415609,3.889422958094378,-0.11102925020827464,-6.4097370399104765
0.11800000000000001,5.149052258485528,-3.969186179631992,9.11823843811752,0.046305790252295205,5.263435795828119,0.08177765907586723,3.729932000855571,-0.12340959468087634,-6.190172236300848
0.12,4.735753871816192,-3.9353630561967337,8.671116928012925,0.0364148569674751,-4.945466642410051,0.07490180028287668,-3.4379293964952735,-0.11195532912760141,5.727132776637466
0.122,5.149052258485494,-3.9691861796322607,9.118238438117753,0.046305790252295205,4.945466642410051,0.08177765907586722,3.4379293964952664,-0.12340959468087634,-5.727132776637466
0.124,5.554973942748615,-4.004417991220016,9.55939193396863,0.05634495484321867,5.019582295461733,0.08876604048013016,3.494190702131472,-0.13508483503113702,-5.8376201751303425
0.126,5.952451453793702,-4.041057488487372,9.993508942281075,0.06653832481926376,5.096684988022546,0.09587652164411262,3.555240581991227,-0.14698912218913,-5.952143578996482
0.128,6.340269708766813,-4.07908475874102,10.419354467507834,0.0768923588521881,5.1770170164621705,0.10311958784129553,3.6215330985914576,-0.1591311590560366,-6.071018433453299
0.13,6.717043630618121,-4.118456495561539,10.83550012617966,0.08741405886111625,5.260850004464072,0.11050675816220776,3.693585160456113,-0.17152035415611702,-6.194597550040218
0.132,7.081196247752362,-4.159101568069963,11.240297815822325,0.09811107533348841,5.348508236186079,0.11805081138253971,3.772026610165978,-0.1841669557467894,-6.3233007953361895
0.134,7.430922389199183,-4.200913085535275,11.631835474734459,0.10899174306145604,5.440333863983813,0.1257658836039198,3.857536110690042,-0.19708209501627197,-6.457569634741284
0.136,7.764148957801486,-4.243739320558489,12.007888278359975,0.12006515211696031,5.5367045277521365,0.13366763375139504,3.9508750737376195,-0.21027787492704436,-6.597889955386196
0.138,8.078496954664203,-4.2873748507719185,12.365871805436122,0.13134131296441262,5.638080423726155,0.14177361469102073,4.052990469812848,-0.2237675783796615,-6.744851726308565
0.14,8.37122305818286,-4.331546239653616,12.702769297836475,0.1428312417451898,5.744964390388588,0.15010349776648738,4.164941537733322,-0.23756577195747539,-6.899096788906947
0.14200000000000002,8.639148322983397,-4.375893666211995,13.015041989195392,0.1545470540768147,5.857906165812457,0.15867931284796688,4.287907540739752,-0.25168842076095405,-7.06132440173933
0.14400000000000002,8.878586451237812,-4.419951804991442,13.298538256229254,0.16650221037937574,5.977578151280513,0.16752603342869943,4.423360290366274,-0.2661531936306405,-7.2323864348432245
0.146,9.085246076659727,-4.463122846015446,13.548368922675174,0.17871172234134297,6.104755980983617,0.17667211931977306,4.573042945536815,-0.280979714059392,-7.413260214375744
0.148,9.254097565004551,-4.50463786397692,13.75873542898147,0.19119228372832403,6.240280693490529,0.18614988534291818,4.738883011572562,-0.29618971618702417,-7.605001063816092
0.15,9.379230303845755,-4.54351352031848,13.922743824164236,0.20396263399349493,6.3851751325854496,0.1959964318065231,4.923273231802458,-0.31180748950938175,-7.808886661178793
0.152,9.453682638297021,-4.578499154958726,14.032181793255747,0.21704410450082923,6.540735253667148,0.2062551216309356,5.129344912206249,-0.3278605373037927,-8.026523897205484
0.154,9.469161082209988,-4.607984382298133,14.07714546450812,0.23046062784729637,6.708261673233573,0.2169756941238538,5.360286246459109,-0.3443795772671408,-8.25951998167404
0.156,9.415758908429556,-4.6299005533918525,14.045659461821408,0.24423942549229755,6.889398822500587,0.22821616580952148,5.620235842833831,-0.3613993652439287,-8.50989398839394
0.158,9.281677640722142,-4.641630370097679,13.92330801081982,0.25841330922149236,7.0869418645974065,0.24004918655299368,5.9165103717361,-0.37896145264813,-8.781043702100671
0.16,9.052398953934036,-4.639676255295543,13.692075209229579,0.2730169100045815,7.301800391544572,0.2525521772948942,6.251495370950266,-0.3971096011748158,-9.07407426334289
0.162,8.546300469766411,-4.609676328902795,13.155976798669206,0.2944308940793666,10.70699203739256,0.271907594598757,9.677708651931404,-0.4237791664923401,-13.334782658762146
0.164,7.968490024969545,-4.569860006876726,12.53835003184627,0.31332793968766504,9.448522804149206,0.29192990560519727,10.011155503220126,-0.44718612310620676,-11.703478306933329
0.166,7.586828039827619,-4.5685793530210335,12.155407392848652,0.3263094140625225,6.490737187428736,0.3109496133543818,9.509853874592272,-0.46279678462582463,-7.805330759808937
0.168,0.0,0.0,0.0,0.3302819630957509,1.986274516614206,0.32663733994534666,7.843863295482422,-0.466488495040837,-1.8458552075061863
0.17,0.0,0.0,0.0,0.3229142403906078,-3.6838613525715656,0.33671172501777713,5.037192536215235,-0.45526412499804825,5.612185021394378
0.17200000000000001,0.0,0.0,0.0,0.30318658395623704,-9.863828217185372,0.34009176145531556,1.6900182187692125,-0.42804200633874323,13.611059329652509
0.17400000000000002,0.0,0.0,0.0,0.27160220963625475,-15.792187159991144,0.33755585656669335,-1.2679524443111045,-0.3859117538660816,21.065126236330805
0.176,0.0,0.0,0.0,0.2298038445485899,-20.899182543832424,0.331172141885194,-3.191857340749671,-0.3315509249193228,27.180414473379404
0.178,0.0,0.0,0.0,0.17988579922253006,-24.95902266302992,0.3231090733214092,-4.031534281892402,-0.26824005295665304,31.655435981334882
0.18,0.0,0.0,0.0,0.1238685548575725,-28.008622182478778,0.3148740856472198,-4.117493837094699,-0.19910984859126735,34.56510218269285
0.182,0.0,0.0,0.0,0.063489467309164,-30.189543774204253,0.3072008058140496,-3.836639916585088,-0.12682004222199728,36.144903184635034
0.184,0.0,0.0,0.0,0.0002030210642853525,-31.64322312243932,0.3002410030893891,-3.4799013623302564,-0.053525980172603974,36.64703102469665
0.186,0.0,0.0,0.0,-0.06473904697207399,-32.471034018179665,0.2937791847583262,-3.2309091655314535,0.019042340185061776,36.28416017883288
0.188,0.0,0.0,0.0,-0.13019558670604992,-32.728269866987965,0.28737906091783205,-3.200061920247077,0.08948290066221447,35.22028023857634
0.19,0.0,0.0,0.0,-0.1950540025096038,-32.42920790177695,0.2804654761072923,-3.456792405269887,0.15663741839758993,33.57725886768773
0.192,0.0,0.0,0.0,-0.2581613054110903,-31.553651450743235,0.2723662821756568,-4.049596965817748,0.21952304439795833,31.4428130001842
0.194,0.0,0.0,0.0,-0.31826581351007643,-30.052254049493076,0.26233466726171334,-5.0158074569717215,0.27727289367024505,28.874924636143355
0.196,0.0,0.0,0.0,-0.3739665298075616,-27.850358148742593,0.24956498215291606,-6.38484255439864,0.3290756420641896,25.901374196972277
0.198,0.0,0.0,0.0,-0.4236676714823281,-24.850570837383234,0.23320941658196917,-8.177782785473445,0.3741040668338953,22.51421238485285
0.2,0.0,0.0,0.0,-0.4655359319233248,-20.934130220498364,0.2123992648678021,-10.40507585708353,0.4114227791150697,18.659356140587196
0.202,0.0,0.0,0.0,-0.4981784389374595,-16.32125350706734,0.1867476314185119,-12.825816724645112,0.44044214725321007,14.509684069070188
