time,LF_GRF_x,LF_GRF_y,LF_GRF_z,LF_ThC1_theta,LF_ThC1_vel,LF_ThC3_theta,LF_ThC3_vel,LF_CTr_theta,LF_CTr_vel,LF_TrF_theta,LF_TrF_vel,LF_FTi_theta,LF_FTi_vel
0.0,0.0,0.0,0.0,0.22347398571834692,0.0,-0.5172539692865519,0.0,0.8015958446570248,0.0,-0.24399687379051438,0.0,0.17143821972205484,0.0
0.002,0.0,0.0,0.0,0.22059557061986024,-1.4392075492433432,-0.5115602561063751,2.8468565900883758,0.7992703017720298,-1.16277144249749,-0.24703764437753922,-1.5203852935124218,0.17746051466786328,3.0111474729042214
0.004,0.0,0.0,0.0,0.21769592330858661,-1.4498236556368116,-0.5060221375322455,2.7690592870648345,0.7969450729765488,-1.1626143977405134,-0.25007861499991874,-1.5204853111897565,0.18334212230745578,2.9408038197962503
0.006,0.0,0.0,0.0,0.21478434276713637,-1.4557902707251213,-0.5007599971115224,2.631070210361519,0.7945882306318443,-1.1784211723522842,-0.2531190128376028,-1.5201989188420306,0.18908485177394668,2.8713647332454517
0.008,0.0,0.0,0.0,0.21187012797811988,-1.4571073945082447,-0.49589421839156544,2.432889359978485,0.7921678470991791,-1.21019176633258,-0.2561580709355242,-1.5195290489606883,0.19469048819508886,2.802818210571087
0.01,0.0,0.0,0.0,0.2089625779241474,-1.453775026986237,-0.4915451849197343,2.174516735915566,0.7896519947398165,-1.2579261796812902,-0.2591950405869066,-1.5184848256912242,0.2001607421290559,2.7351269669835254
0.012,0.0,0.0,0.0,0.20607099158782924,-1.4457931681590845,-0.4878332802433883,1.8559523381730114,0.787008745915019,-1.3216244123987475,-0.26222918648118365,-1.5170729471385147,0.20549727080006558,2.6682643355048357
0.014,0.0,0.0,0.0,0.20320466795177572,-1.4331618180267596,-0.48487888790988715,1.4771961667505717,0.7842061729860499,-1.4012864644845635,-0.2652597855131144,-1.5152995159653793,0.2107016837640813,2.60220648200786
0.016,0.0,0.0,0.0,0.2003729059985972,-1.4158809765892622,-0.4828023914665903,1.0382482216484135,0.7812123483141716,-1.4969123359391268,-0.2682861279013051,-1.5131711940953585,0.215775539388158,2.5369278120383476
0.018000000000000002,0.0,0.0,0.0,0.20302809959108642,1.3275967962446122,-0.48431106652404987,-0.754337528729776,0.7841402140098845,1.4639328478564528,-0.2713075163187735,-1.5106942087341757,0.22072034953496644,2.472405073404224
0.02,0.0,0.0,0.0,0.20037290599859717,-1.327596796244626,-0.4828023914665903,0.754337528729776,0.7812123483141716,-1.4639328478564528,-0.27432326489585745,-1.5078742885419882,0.22553758425345974,2.408617359246648
0.022,0.0,0.0,0.0,0.19771552574062387,-1.3286901289866482,-0.48128578013066536,0.7583056679624778,0.7783675277846558,-1.4224102647579229,-0.27733269951024025,-1.5047173071914,0.23022867169517336,2.3455437208568104
0.024,0.0,0.0,0.0,0.19505572740116478,-1.3298991697295452,-0.4797612515060484,0.7622643123084694,0.7756048216997612,-1.3813530424472975,-0.28033515772694717,-1.501229108353458,0.2347949996499344,2.2831639773805144
0.026000000000000002,0.0,0.0,0.0,0.19239329818925166,-1.33121460595656,-0.4782288185591325,0.7662164734579535,0.7729233285488031,-1.340746575479057,-0.28332998776831286,-1.4974150206828463,0.23923792016305426,2.2214602565599346
0.028,0.0,0.0,0.0,0.18972804392896608,-1.3326271301427883,-0.47668848855340634,0.770165002863088,0.7703221753730088,-1.3005765878971176,-0.28631654857429173,-1.493280402989433,0.2435587502626719,2.1604150498088224
0.03,0.0,0.0,0.0,0.18705978949958946,-1.3341272146883132,-0.47514026333526393,0.7741126090712036,0.7678005175732012,-1.2608288999038098,-0.28929421016333906,-1.4888307945236656,0.2477587720659052,2.100010901616642
0.032,0.0,0.0,0.0,0.18438837702222197,-1.3357062386837453,-0.4735841401998125,0.7780615677257241,0.76535753547401,-1.2214910495956244,-0.29226235269033823,-1.4840712634995867,0.25183923687129833,2.0402324026965735
0.034,0.0,0.0,0.0,0.18171366546921322,-1.337355776504373,-0.47202011226029916,0.7820139697566619,0.7629924331927956,-1.1825511406071687,-0.2952203663131898,-1.4790068114257926,0.25580136643779494,1.9810647832483042
0.036000000000000004,0.0,0.0,0.0,0.1790355313763634,-1.3390670464249048,-0.47044816862421274,0.7859718180432129,0.7607044388863494,-1.1439971532231086,-0.2981676517583382,-1.4736427225741922,0.2596463524988545,1.9224930305297705
0.038,0.0,0.0,0.0,0.17635386741103942,-1.340831982661994,-0.46886829505033323,0.7899367869397544,0.7584928020696059,-1.1058184083717615,-0.30110361961545856,-1.4679839285601792,0.2633753599123146,1.864503706730053
0.04,0.0,0.0,0.0,0.17366858164118423,-1.3426428849275944,-0.4672804743372772,0.7939103565280103,0.7563567921261186,-1.0680049717436413,-0.30402769001444013,-1.4620351994907854,0.26698952837376405,1.8070842307247315
0.042,0.0,0.0,0.0,0.17097959821659167,-1.3444917122962807,-0.4656846864839862,0.7978939266455043,0.7542956985408835,-1.0305467926175482,-0.30693929321077534,-1.4558015981676053,0.27048997190618757,1.750221766211757
0.044,0.0,0.0,0.0,0.1682868565182602,-1.3463708491657371,-0.46408090915047595,0.8018886667551239,0.7523088291373711,-0.993434701756224,-0.30983786924669326,-1.4492880179589607,0.2738777808488275,1.6939044713199791
0.046,0.0,0.0,0.0,0.1655903101056619,-1.3482732062991554,-0.46246911803796337,0.805895556256292,0.7503955083182883,-0.9566604095413989,-0.3127228674238706,-1.442499088588678,0.2771540239255974,1.6381215383849401
0.048,0.0,0.0,0.0,0.16288992719275075,-1.3501914564555684,-0.46084928706302347,0.8099154874699477,0.7485550770806129,-0.9202156188377053,-0.3155937467864769,-1.4354396813031356,0.2803197479859701,1.5828620301863439
0.05,0.0,0.0,0.0,0.16018569060349072,-1.352118294630014,-0.4592213886741556,0.8139491944339494,0.7467868922601405,-0.8840924102361813,-0.3184499763364057,-1.4281147749644063,0.2833759786565278,1.5281153352788568
0.052000000000000005,0.0,0.0,0.0,0.15747759596269498,-1.354047320397872,-0.4575853942061075,0.8179972340240371,0.7450903241784133,-0.8482840408636227,-0.3212910339417038,-1.4205288026490348,0.28632372328816613,1.4738723158191636
0.054,0.0,0.0,0.0,0.15476565215327934,-1.35597190470782,-0.4559412740576368,0.8220600742353534,0.7434647566307642,-0.8127837738245436,-0.32411640684357573,-1.4126864509359793,0.2891639706928303,1.4201237023320767
0.056,0.0,0.0,0.0,0.1520498845602105,-1.357883796534412,-0.4542889978655369,0.8261380960499498,0.7419095892696225,-0.777583680570848,-0.3269255943256512,-1.4045937410377407,0.29189768730325705,1.366858305213381
0.058,0.0,0.0,0.0,0.14933032384070247,-1.359780359754023,-0.4526285350320747,0.8302314167311087,0.7404242267934082,-0.7426812381071124,-0.3297180995273137,-1.3962526008312326,0.2945258324176265,1.3140725571847145
0.06,0.0,0.0,0.0,0.14552470486573943,-1.9028094874815187,-0.45028122412078736,1.1736554556436574,0.7380767851242416,-1.173720834583336,-0.3338008390251817,-2.041369748934013,0.29852940179490456,2.001784688639041
0.062,0.0,0.0,0.0,0.14252850483154256,-1.498100017098436,-0.44834284810472363,0.9691880080318627,0.7340926567741956,-1.9920641750230117,-0.33821581788680927,-2.2074894308137805,0.30444156902541036,2.9560836152529024
0.064,0.0,0.0,0.0,0.14102312150506693,-0.7526916632378117,-0.4471749176990208,0.583965202851422,0.727014360973142,-3.5391479005267845,-0.34328310516256894,-2.5336436378798344,0.31398590323175835,4.772167103173991
0.066,0.0,0.0,0.0,0.1415456388147578,0.2612586548454282,-0.4470725117105752,0.05120299422278762,0.7157416802573494,-5.636340357896286,-0.34926054271009066,-2.988718773760862,0.3284153186508245,7.214707709533085
0.068,0.0,0.0,0.0,0.14449412818147872,1.474244683360465,-0.44827043730149524,-0.5989627954600119,0.6995345151781668,-8.103582539591313,-0.3563330073688005,-3.5362323293549323,0.3484771684682635,10.030924908719484
0.07,0.0,0.0,0.0,0.1501335641673885,2.8197179929548843,-0.45094954613440547,-1.3395544164551132,0.6780067736738074,-10.763870752179717,-0.3646020056982486,-4.1344991647240255,0.3743978687138159,12.960350122776214
0.07200000000000001,0.0,0.0,0.0,0.1586027349407629,4.234585386687209,-0.45524198118134834,-2.1462175234714387,0.6511069549728459,-13.449909350480738,-0.3740760519966812,-4.737023149216313,0.40590186542759665,15.751998356890367
0.074,0.0,0.0,0.0,0.16992217880433472,5.659721931785905,-0.46123400992410246,-2.996014371377059,0.6190872462489798,-16.00985436193303,-0.38466189373184034,-5.2929208675795705,0.44226717997959275,18.18265727599805
0.076,0.0,0.0,0.0,0.18400269341889802,7.040257307281652,-0.4689651923825657,-3.8655912292316073,0.5824682397535359,-18.30950324772196,-0.3961565054565088,-5.7473058623342395,0.48240889195378167,20.07085598709446
0.078,0.0,0.0,0.0,0.20065354138423158,8.325423982666779,-0.47842313941569237,-4.728973516563345,0.5420086697936682,-20.22978497993383,-0.40823996831846876,-6.041731430979969,0.5249761934541365,21.283650750177408
0.08,0.0,0.0,0.0,0.21958927491287544,9.467866764321931,-0.48953404786890964,-5.555454226608636,0.4986880264785503,-21.66032165755896,-0.4204700831663304,-6.115057423930814,0.5684489938521636,21.736400199013573
0.082,0.0,0.0,0.0,0.24043418793266952,10.422456509897037,-0.5021504147201706,-6.308183425630498,0.45370521080804727,-22.491407835251525,-0.43228097099284263,-5.90544391325612,0.6112244793498556,21.387742748845973
0.084,0.0,0.0,0.0,0.2627237908527472,11.144801460038849,-0.516038641670247,-6.944113475038205,0.4084899403201595,-22.60763524394388,-0.4429898540310939,-5.354441519125647,0.651689306734813,20.23241369247869
0.08600000000000001,0.0,0.0,0.0,0.2859034395845123,11.589824365882544,-0.5308703696847099,-7.4158640072314315,0.36471675339275555,-21.886593463701974,-0.45181801850901815,-4.414082238962114,0.6882766755165668,18.29368439087692
0.088,0.0,0.0,0.0,0.3093254189950504,11.710989705269043,-0.5462218395480275,-7.675734931658795,0.3243056576199784,-20.205547886388565,-0.45793227192608216,-3.057126708532004,0.7195083285121896,15.615826497811403
0.09,0.0,0.0,0.0,0.33224734214734575,11.460961576147676,-0.5615846942115266,-7.681427331749535,0.28939105097115897,-17.45730332440973,-0.4605101589557306,-1.2889435148242256,0.7440198750839169,12.255773285863636
0.092,0.0,0.0,0.0,0.3538362499989273,10.794453925790787,-0.576389051243124,-7.4021785157987185,0.2622449479675208,-13.573051501819089,-0.4588245061489702,0.8428264033802091,0.7605648368993054,8.272480907694279
0.094,0.0,0.0,0.0,0.3731833346846584,9.673542342865549,-0.5900360490815044,-6.823498919190207,0.245154624911333,-8.545161528093898,-0.45233188221051907,3.2463119692255624,0.7679898977525946,3.7125304266446
0.096,0.0,0.0,0.0,0.389332706875847,8.07468609559428,-0.6019343112561745,-5.949131087335024,0.24027696785102462,-2.4388285301541885,-0.44074082659027525,5.795527810121909,0.7651721125088045,-1.408892621895086
0.098,0.0,0.0,0.0,0.4013239215714647,5.995607347808851,-0.6115347561645798,-4.800222454202641,0.2495129688560637,4.6180005025195365,-0.42403694862428554,8.351938982994856,0.7509085030360246,-7.131804736389912
0.1,0.0,0.0,0.0,0.40860576321433895,3.6409208214371325,-0.6185661090064203,-3.515676420920266,0.2732776706425796,11.88235089325794,-0.4028376513837097,10.59964862028792,0.7246604666934431,-13.124018171290775
0.10200000000000001,0.0,0.0,0.0,0.4116083696080343,1.5013031968476864,-0.6233122492885065,-2.3730701410430988,0.3089888291893247,17.855579273372555,-0.37872374553992255,12.05695292189357,0.6877363474072448,-18.46205964309916
0.10400000000000001,0.0,0.0,0.0,0.4109484598416867,-0.3299548831738053,-0.6261182121850365,-1.402981448265006,0.35394370264693453,22.47743672880492,-0.353168800318269,12.777472610826761,0.6414263688681748,-23.154989269534966
0.106,0.0,0.0,0.0,0.4073140993612192,-1.8171802402337511,-0.6273164671938511,-0.5991275044073263,0.405707967806314,25.882132579689742,-0.327414344406624,12.877227955822523,0.5869664392582965,-27.229964804939165
0.108,0.0,0.0,0.0,0.40141906051651144,-2.9475194223538836,-0.6272055772470105,0.05544497342030441,0.4621666876442462,28.22935991896608,-0.302461764646235,12.476289880194502,0.5256393685650369,-30.6635353466298
0.11,0.0,0.0,0.0,0.3939596103198843,-3.7297250983135686,-0.6260372938617819,0.5841416926143372,0.521507004495414,29.670158425583903,-0.27908207395626927,11.689845344982851,0.45883585321920894,-33.40175767291398
0.112,0.0,0.0,0.0,0.3855773749741067,-4.191117672888795,-0.6240110465029932,1.0131236793943232,0.5821595821031542,30.326288803870117,-0.2578365460739857,10.622763941141782,0.3880870364422328,-35.37440838848807
0.114,0.0,0.0,0.0,0.3768297751041485,-4.373799934979106,-0.6212758548537224,1.3675958246354147,0.6427216963114943,30.28105710417006,-0.23910283716857494,9.36685445270538,0.31508015800654127,-36.50343921784577
0.116,0.0,0.0,0.0,0.36816823804966103,-4.330768527243733,-0.6179402364421958,1.6678092057633154,0.7018791243836653,29.578714036085472,-0.2231014728816469,8.000682143464028,0.24166493736151445,-36.7076103225134
0.11800000000000001,0.0,0.0,0.0,0.35992403651932675,-4.122100765167142,-0.6140904885389324,1.924873951631656,0.7583395752536899,28.2302254350123,-0.20991867084830484,6.591401016671022,0.16985205692725885,-35.9064402171278
0.12,0.0,0.0,0.0,0.352302055676635,-3.8109904213458887,-0.6098164126321155,2.1370379534084716,0.810788796738979,26.224610742644536,-0.19952385732118177,5.197406763561535,0.10179720109807637,-34.02742791459124
0.122,0.0,0.0,0.0,0.34538376637117163,-3.4591446527316716,-0.6052406015531749,2.2879055394702807,0.8578818805555601,23.546541908290585,-0.1917834491082524,3.870204106464686,0.039755081509794156,-31.021059794141106
0.124,0.0,0.0,0.0,0.33914165822300496,-3.1210540740833346,-0.6005426350989868,2.3489832270940925,0.8982851320629625,20.20162575370116,-0.18647560404979105,2.6539225292306763,-0.014020604634705204,-26.88784307224968
0.126,0.0,0.0,0.0,0.3334673997061104,-2.837129258447285,-0.5959643729307298,2.2891310841284818,0.930783915659968,16.249391798502767,-0.18331219264178047,1.5817057040052873,-0.05745804246003568,-21.718718912665235
0.128,0.0,0.0,0.0,0.3282134833949775,-2.626958155566433,-0.5917817854858145,2.0912937224576433,0.9544616804067457,11.83888237338887,-0.18197194952130455,0.6701215602379629,-0.08894231006141148,-15.742133800687903
0.13,0.0,0.0,0.0,0.32324166786341685,-2.4859077657803375,-0.5882397718431518,1.7710068213313557,0.9689280546946931,7.233187143973696,-0.18214085863049528,-0.08445455459536733,-0.10765781331866178,-9.357751628625149
0.132,0.0,0.0,0.0,0.31846266264848605,-2.389502607465399,-0.5854708727231254,1.3844495600132123,0.9745349006945117,2.8034229999092664,-0.18354454944567616,-0.7018454075904401,-0.11391183034586423,-3.1270085136012247
0.134,0.0,0.0,0.0,0.31384761100517405,-2.307525821655998,-0.5834405264622536,1.0151731304358647,0.9724974348270491,-1.0187329337312812,-0.18595168934362097,-1.203569948972402,-0.10931615978836515,2.297835278749542
0.136,0.0,0.0,0.0,0.3094018120382596,-2.222899483457219,-0.5819529675750411,0.7437794436062628,0.9648689705807173,-3.814232123165895,-0.1891366806322317,-1.5924956443053722,-0.09674578742349464,6.285186182435252
0.138,0.0,0.0,0.0,0.30511190499171065,-2.1449535232744843,-0.5807102903629776,0.6213386060317516,0.954397455329499,-5.235757625609128,-0.19281151974633742,-1.837419557052855,-0.08011122186451981,8.317282779487414
0.14,0.0,0.0,0.0,0.30091764238338226,-2.0971313041641957,-0.5794375124979907,0.6363889324934591,0.9437548371344476,-5.321309097525706,-0.19664469994172307,-1.9165900976928218,-0.06322736745699234,8.441927203763736
0.14200000000000002,0.0,0.0,0.0,0.2967942798863669,-2.0616812485076683,-0.578085823572685,0.6758444626528415,0.9334907502786921,-5.132043427877764,-0.20055333808215142,-1.9543190702141777,-0.04688115429626055,8.173106580365893
0.14400000000000002,0.0,0.0,0.0,0.2944937132843597,-1.1502833010036129,-0.577279341076979,0.4032412478530145,0.9278786124777263,-2.8060689004829054,-0.20280735102257677,-1.127006470212674,-0.0379098187337788,4.485667781240876
0.146,0.0,0.0,0.0,0.29220072538681446,-1.1464939487726145,-0.5764641789283644,0.40758107430727275,0.9223123115742634,-2.783150451731442,-0.20506977791208922,-1.1312134447562239,-0.029004268843139867,4.452774945319466
0.148,0.0,0.0,0.0,0.2899323682787704,-1.1341785540220362,-0.5756208079077976,0.4216855102834316,0.9168949805876846,-2.7086654932894083,-0.20735955013613497,-1.1448861120228748,-0.020312522385989656,4.345873228575105
0.15,0.0,0.0,0.0,0.28767753808134183,-1.1274150987142795,-0.574761567373913,0.4296202669422655,0.9115653065954136,-2.664836996135511,-0.20966468559022458,-1.1525677270448065,-0.011747233446276845,4.282644469856406
0.152,0.0,0.0,0.0,0.28543792565835574,-1.1198062114930463,-0.5738844736375462,0.43854686818339816,0.9063342467217389,-2.6155299368373353,-0.2119871046781136,-1.1612095439445107,-0.003324209213680979,4.211512116297933
0.154,0.0,0.0,0.0,0.2832163653994413,-1.1107801294572284,-0.57298552607963,0.44947377895809826,0.9012291674752225,-2.5525396232581876,-0.21433052368949845,-1.1717095056924254,0.004916140646656558,4.120174930168769
0.156,0.0,0.0,0.0,0.2810023268755568,-1.1070192619422325,-0.5720774727627349,0.4540266584475705,0.8961765801566891,-2.5262936592667096,-0.21668269266900647,-1.176084489754009,0.013080376185219499,4.08211776928147
0.158,0.0,0.0,0.0,0.27880962069251297,-1.0963530915219233,-0.5711425561908517,0.4674582859415799,0.8912852419972276,-2.445669079730761,-0.21906031310254956,-1.1888102167715435,0.02100962015210801,3.9646219834442555
0.16,0.0,0.0,0.0,0.27662177594097975,-1.0939223757666094,-0.5702012977854872,0.47062920268226005,0.8864330577672547,-2.4260921149864556,-0.22144384801802905,-1.1917674577397452,0.028881595204724185,3.9359875263080877
0.162,0.0,0.0,0.0,0.2744503959370841,-1.085690001947831,-0.5692382792732482,0.48150925611950557,0.881716560870166,-2.35824844854432,-0.22384756050845164,-1.2018562452112969,0.03655485453247468,3.8366296638752475
0.164,0.0,0.0,0.0,0.2722862352673737,-1.0820803348551844,-0.5682651470532221,0.4865661100130758,0.8770654186063709,-2.3255711318975747,-0.22626037639229477,-1.2064079419215612,0.04413193999872597,3.788542733125646
0.166,0.0,0.0,0.0,0.2701323879322137,-1.0769236675799987,-0.5672775666792144,0.4937901870038508,0.8725076401044235,-2.2788892509736924,-0.22868619712388163,-1.2129103657934348,0.05157163423426438,3.7198471177692025
0.168,0.0,0.0,0.0,0.26798841790527783,-1.0719850134679465,-0.5662751525052897,0.5012070869623297,0.8680489516003981,-2.2293442520127105,-0.23112485963114396,-1.2193312536311618,0.05886482734685213,3.6465965562938774
0.17,0.0,0.0,0.0,0.26584983550100966,-1.0692912021340872,-0.5652646471677739,0.505252668757894,0.8636443121861482,-2.2023197071249223,-0.23357052674332024,-1.2228335560881403,0.06607811075601243,3.606641704580148
0.17200000000000001,0.0,0.0,0.0,0.2637228757716886,-1.063479864660516,-0.5642351857879075,0.5147306899331849,0.8593702419966698,-2.137035094739226,-0.23603181284480307,-1.2306430507414146,0.07309747586412024,3.509682554053907
0.17400000000000002,0.0,0.0,0.0,0.2615987880683035,-1.0620438516925623,-0.5632008189411268,0.517183423390355,0.8551304275719913,-2.1199072123392337,-0.23849702398780634,-1.2326055715016353,0.08006585557416643,3.4841898550230925
0.176,0.0,0.0,0.0,0.2594846178844907,-1.0570850919064123,-0.5621486171348402,0.5261009031433117,0.8510169621585429,-2.0567327067241847,-0.2409760539529066,-1.2395149825501355,0.08684576309980264,3.3899537628181085
0.178,0.0,0.0,0.0,0.2573737844623746,-1.0554167110580492,-0.561089676894205,0.5294701203176211,0.846952468880836,-2.0322466388534854,-0.24345992454285223,-1.2419352949728095,0.09355231265258843,3.3532747763928907
0.18,0.0,0.0,0.0,0.2552690684367026,-1.0523580128359855,-0.560018382857264,0.5356470184704754,0.8429777578519887,-1.9873555144236388,-0.24595266961168083,-1.2463725344143,0.10012437258848124,3.2860299679464062
0.182,0.0,0.0,0.0,0.2531689427742277,-1.0500628312374582,-0.558936439861719,0.5409714977724911,0.8390822369597272,-1.947760446130764,-0.24845238733763927,-1.2498588629792222,0.10657733217606336,3.226479793791058
0.184,0.0,0.0,0.0,0.2510720303659907,-1.048456204118503,-0.5578470425951513,0.5446986332838799,0.8352421491630755,-1.9200438983258405,-0.25095698592358867,-1.2522992929746983,0.11294692151982812,3.1847946718823805
0.186,0.0,0.0,0.0,0.2489802880212706,-1.0458711723600467,-0.5567434556660191,0.5517934645660749,0.8315097575853186,-1.866195788878422,-0.25346987616976796,-1.2564451230896445,0.11915391749843338,3.1034979893026295
0.188,0.0,0.0,0.0,0.24688993989861413,-1.04517406132823,-0.5556358598659352,0.5537979000419524,0.8278079250417172,-1.8509162718007288,-0.25598503454075866,-1.25757918549535,0.12531473625717313,3.080409379369875
0.19,0.0,0.0,0.0,0.24462106893267377,-1.1344354829701808,-0.5539590548625145,0.8384025017103558,0.8240428116079292,-1.8825567168939683,-0.25850805435937146,-1.261509909306402,0.13129418246432528,2.989723103576078
0.192,0.0,0.0,0.0,0.24224727491045372,-1.1868970111100219,-0.5513543925389048,1.3023311618048372,0.820565361012289,-1.7387252978200984,-0.2610330448666998,-1.2624952536641754,0.13721825723238093,2.9620373840278242
0.194,0.0,0.0,0.0,0.2397778568145642,-1.2347090479447598,-0.547942256442466,1.7060680482194335,0.8173436456160593,-1.6108576981148648,-0.2635627650269455,-1.2648600801228316,0.1430094405466044,2.895591657111729
0.196,0.0,0.0,0.0,0.2372221136276156,-1.2778715934742972,-0.5438430301205573,2.049613160954311,0.8143457377805031,-1.4989539177781008,-0.26609518819146594,-1.2662115822602293,0.14870317330916266,2.8468663812791366
0.198,0.0,0.0,0.0,0.2345893443322182,-1.316384647698704,-0.5391770971205384,2.33296650000947,0.8115397098668832,-1.403013956809973,-0.268630014026453,-1.2674129174935211,0.15431028335912977,2.803555024983556
0.2,0.0,0.0,0.0,0.23188884791098233,-1.350248210617938,-0.5340648409897689,2.556128065384744,0.8088936342364624,-1.3230378152103706,-0.27116756529916763,-1.2687756363573277,0.1597796569249556,2.734686782912915
0.202,0.0,0.0,0.0,0.22912992334651827,-1.3794622822320273,-0.5286266452756083,2.7190978570802993,0.806375583250504,-1.2590254929792377,-0.27370595516810614,-1.2691949344692532,0.16520665003412263,2.713496554583514
